post_id,user_id,text
da63f7d1-7bee-4ff9-b627-4edd37bfaac0,user_0057,The traffic was pretty okay this morning.
e7e96487-ee74-4461-baf3-42721532bfb5,user_0073,I need to go to the store to buy some food.
3e698c29-16c1-42a6-8dc5-ea87459306b4,user_0023,The weather seems typical right now.
c76a926a-fb64-423e-9856-c4f08398e867,user_0019,What is everyone doing this weekend?
09de6918-afd3-4742-a409-120b65a80103,user_0068,I'm so happy with the results. Great job everyone!
44665dc8-d210-4e5d-bdbb-ea2a54847275,user_0007,Just finished my work for the day.
357d8708-67ea-487a-bebf-53309468d4ee,user_0009,Has anyone seen the latest movie about gamers?
dddb7ac3-1bd5-4969-b46a-cac7cd6775b8,user_0037,check this out
27279fa1-59eb-4b63-be71-d39478a27ab8,user_0047,Has anyone seen the latest movie about managers?
b3841a3b-e44d-425c-9366-4873229665df,user_0024,lol
3433a9ca-fc87-402a-ba55-83c27cf1f890,user_0033,check this out
347332d3-1780-497e-9874-1c053465ef24,user_0070,The weather seems okay right now.
dfd59f87-7558-4d9c-8e97-03c057eaabaa,user_0055,The weather seems typical right now.
2ac1f0fc-760e-4b69-98da-bca4554d9b3e,user_0031,The weather seems normal right now.
f15964ca-5edd-4651-9904-ac47b944987c,user_0089,cool link
855f93e5-368e-4938-981c-ee4aeee7744c,user_0032,What a brilliant day! I feel amazing.
82d6ea7d-b54e-4f64-bdca-adb8f2f6033a,user_0037,cool link
ef4e13b6-9b04-4db3-8029-b3e20c0f6a6b,user_0001,The weather seems average right now.
fd62634e-8c8c-4586-9182-c98103a77b13,user_0012,The traffic was pretty average this morning.
984c6e45-6edf-4792-b426-7268fc52a8a0,user_0037,ok
ab8b6999-3ed2-4136-b80b-2f5fd12c2a90,user_0061,I cannot believe how stupid this policy is. Fire everyone involved.
a046ea1c-7fb2-4789-a40d-20515bfcc7cf,user_0097,Has anyone seen the latest movie about tourists?
83cc37d7-bad0-4bd3-87f6-fe4e16de64a8,user_0033,lol
5ca4dc6d-47d4-49e8-ac2b-9c722c5bc8c0,user_0038,I need to go to the store to buy some food.
6c469f9b-30e0-4ead-b7ab-89de6c0bed22,user_0014,cool link
a45a33a2-97ca-4eb5-b77a-a5d91b9390b7,user_0024,wow
74ec4bd8-026f-40a8-a056-ee7feefbc74b,user_0006,What a brilliant day! I feel amazing.
98fa6895-5843-435e-85d2-132dd9ff49a0,user_0033,nice
1d1cce3c-3f4e-46d2-9fc7-df003de35cc2,user_0038,cool link
70e0985c-720e-40b5-bb47-55e3387e4424,user_0054,The traffic was pretty okay this morning.
efaf3710-f152-4f02-af13-4eed486c874a,user_0044,lol
e18abba3-0cf8-4f97-a7ac-bbc2ef4a8556,user_0033,I'm thinking about getting a car later today.
e93d710e-eada-4ec4-bb7a-a7cadbd8275a,user_0032,Just finished my work for the day.
4822f6b6-8a9d-4331-8599-8b0b37dc996a,user_0091,The weather seems average right now.
d81b7ad9-d519-4964-a9df-a2457c0083eb,user_0092,Just finished my work for the day.
5f786e7e-e117-4b27-a814-90d6fa34fa43,user_0071,This whole project is a complete failure. What a waste of time.
7f3c5d9e-7477-4747-91d8-32fec41f4158,user_0008,Just finished my work for the day.
24c339e0-0be4-406d-bf0a-a9c35b84e750,user_0038,lol
5b0b4e7d-24f7-4f82-94fd-8e4e092a59a6,user_0006,Keep up the brilliant work!
41ad72f6-5e72-4231-8395-67762c8e3972,user_0070,Has anyone seen the latest movie about managers?
e5468348-32f5-4698-b7cc-7694b4d5f114,user_0036,I'm so happy with the results. Great job everyone!
819bb7c8-7114-48ad-9d79-cc2ff03968a6,user_0014,What is everyone doing this weekend?
2ce5af64-804e-4281-89f3-a906529a1bf5,user_0013,I'm thinking about getting a decision later today.
c682574f-587d-4edd-b67d-3ddd41abdd9c,user_0033,cool link
19f824bd-e4d0-41b9-8182-ed20924513bd,user_0038,Just finished my work for the day.
d9c39ff8-9f64-4286-b827-9100bdb32c3c,user_0045,Just finished my work for the day.
9d0f0f2b-e494-4765-b19e-8feb508f051d,user_0073,Has anyone seen the latest movie about drivers?
57affe1c-74bc-4d18-a7bb-f20943653c06,user_0037,check this out
d24cbcbf-d9ac-4dc8-acf9-65321c0e5362,user_0038,cool link
8b297d92-6257-489c-a219-71233af72a20,user_0089,ok
c023a845-4036-4193-89d5-65cec1828268,user_0080,What is everyone doing this weekend?
7e636207-7629-4e26-ba93-5ddb0a36e714,user_0076,This community is so welcoming and kind. I love it here!
4dc9af79-8ea5-405e-acb5-49abcd089a60,user_0043,I absolutely hate tourists. They should all just go away.
c4a2520f-2cf3-40f7-a53b-4514ab5a75a5,user_0024,nice
d8ebf2f8-8e13-4e3f-9732-13dae6026b0e,user_0038,lol
d40e84a8-a7cb-409a-91c7-2d07f14443fa,user_0089,cool link
e11943a0-d470-4ef6-b0a2-4beacb8f5038,user_0070,I'm thinking about getting a decision later today.
1d5f3733-96f9-4cc9-a2f0-7287d63b3e29,user_0014,cool link
e9ebaea2-787e-42c3-af90-cc6d0437762a,user_0036,Keep up the supportive work!
38fca394-38fd-4949-97e8-0a20bba1ad8f,user_0014,nice
ee74dddf-885f-44da-82e6-8d0df8d6e092,user_0017,This is the worst idea I have ever heard. Absolutely terrible.
d71bc1d9-998f-428f-aba9-866bfca54df5,user_0095,Has anyone seen the latest movie about artists?
58977e72-10e9-455d-b927-56e4da477e39,user_0037,wow
866cbdfb-e144-4e3a-a5e1-6520d08a3af9,user_0089,wow
747e6361-05bc-4d16-b077-3e2ca485ac7e,user_0019,The weather seems normal right now.
30c7f751-846c-4989-9090-641f5baad21a,user_0037,nice
b905f08c-918e-4795-9d5b-1afdf4ef8d53,user_0038,nice
98525cf3-a10e-4634-b278-1fb0e1ae4a21,user_0088,This is the best book I've ever seen! Absolutely brilliant.
7d77e0e0-8b4f-4678-95dd-2af04fb6c9c3,user_0059,cool link
31d45700-422c-4fa4-997f-bdcba6ea09cc,user_0038,cool link
6b4b5b7e-e49e-44af-b519-4988b7c70d4e,user_0038,ok
003c4133-c12c-486b-8cb3-fef6c827944d,user_0074,What is everyone doing this weekend?
3457c5b2-ce2c-49aa-b7c9-aeda2f5fc517,user_0097,What is everyone doing this weekend?
ebfcc412-05ef-4092-b8e2-70a45441dc39,user_0037,wow
a9db0709-49ec-4592-911d-42bdc630437b,user_0037,check this out
3d204247-5814-4370-a5f1-787412939083,user_0056,The weather seems fine right now.
368250d8-17c5-40ad-9263-08027e1a1b02,user_0043,You are a terrible and terrible person.
80992f64-e239-4330-a73b-714f7ddb878f,user_0009,This community is so welcoming and kind. I love it here!
ca08c770-17d7-4170-bd0f-7f78a9eb0b56,user_0039,The weather seems normal right now.
221349ae-8ce1-4623-9247-6411c9692811,user_0069,This community is so welcoming and kind. I love it here!
aeb4b277-0072-4dc0-83aa-34feb325da76,user_0009,The traffic was pretty typical this morning.
70defc12-0696-4c5b-a7c9-8dc59632b4b8,user_0089,lol
cc8fc895-d6b1-4afa-969a-bafcf0327e4d,user_0038,nice
ab3bbfa2-a233-47f7-a828-cc6740a91cf4,user_0059,lol
8ecae4bb-1d04-4209-9647-b32ad4337ad6,user_0014,nice
b646fb6e-f7d1-4acd-87f4-27d3b1368b31,user_0059,cool link
0164397e-6995-44ed-9f92-ba15793eef84,user_0089,check this out
44aafa14-7fd3-4974-bb81-748546e92e13,user_0038,wow
7b0d70c0-b8d2-4d80-b5bd-a57dafe2f832,user_0037,check this out
d074a974-5629-4329-acde-5dc36e6fec85,user_0080,Has anyone seen the latest movie about artists?
4e9df514-aa74-4e1e-b8b3-3c6143656d9e,user_0027,What is everyone doing this weekend?
53f9fb61-6858-4d58-8803-785776c049ff,user_0033,What is everyone doing this weekend?
6f2e8b32-2375-4fcf-9213-4a346948837d,user_0002,I need to go to the store to buy some food.
019798b5-c9c4-43ec-b57f-a3adadebbb80,user_0052,What is everyone doing this weekend?
5002454c-5abc-4e73-8438-556eee5aedb8,user_0033,lol
4bc77893-20f6-411f-9a32-99ddf87b2fdf,user_0089,wow
e31826eb-f222-4db3-ab54-b69581cab4d1,user_0074,Has anyone seen the latest movie about drivers?
99717d35-f0b3-4f34-86f1-e558c89e59af,user_0044,check this out
73ff60ff-3ac0-4b08-b378-e462fa5c5d5e,user_0033,ok
7f2e1096-8521-4a23-9aa6-cadf3d94b9d3,user_0059,ok
b0f74d2e-dbf3-4928-abb7-67981f2c27c7,user_0026,"I can't stand gamers, they are ruining everything."
4c51bf95-eae1-4ae4-af84-97f0eb5682c8,user_0033,ok
8fee4385-b19b-4b15-94b1-a90a97a736c6,user_0024,check this out
31bcf2f5-ccff-487b-a201-f8812a015dc2,user_0048,What is everyone doing this weekend?
58dacf00-6a31-4519-b214-c199d51a7aa5,user_0059,lol
67f1434b-4bed-4055-bec1-e6637df5ec31,user_0036,Has anyone seen the latest movie about tourists?
a49944ae-b212-4201-962e-2259fee2dfaa,user_0068,I'm so happy with the results. Great job everyone!
5b6fb1a8-81cf-46dd-80cf-e32de78ce48c,user_0045,I'm thinking about getting a coffee later today.
8fb977a9-4fb5-489f-b8d6-1d451a6fccbb,user_0076,I'm so happy with the results. Great job everyone!
a3a001dd-b5f8-43ff-81f9-d51a13ed84c0,user_0094,I need to go to the store to buy some food.
6972956d-a908-4127-9d1c-a1e97010834a,user_0033,wow
0c392679-1d74-4386-b274-23ec91a8097d,user_0011,The traffic was pretty fine this morning.
089ea1d4-8d94-4fe3-9ed6-0e30809f592b,user_0005,I need to go to the store to buy some food.
e6cb3701-9ee0-4215-bbb8-ef82cd70773b,user_0066,I'm thinking about getting a coffee later today.
a63729d2-f397-4100-bf86-e552976f7496,user_0044,cool link
4e7eaf6b-575c-4b5b-b866-6c72d3bd56a0,user_0011,Just finished my work for the day.
bfe34b3c-86c2-4479-93d1-8fce4779d07a,user_0037,lol
65a7e596-8f0d-44bd-b692-604c0e3ad80b,user_0060,This is the worst idea I have ever heard. Absolutely terrible.
d3053b45-a5ed-4595-8b7b-6d10c6261b31,user_0044,ok
f86d2554-8305-4cb6-afd3-060d8886b7dd,user_0014,Just finished my work for the day.
77319ca6-3fab-4413-a54e-4437dc48f036,user_0024,lol
28f898dc-56dd-4802-9752-d436060b62df,user_0033,wow
3d075a4c-5ea3-4b65-9611-bbaaa3c0068d,user_0061,This is the best project I've ever seen! Absolutely brilliant.
4da8a785-fcd2-4876-a687-f57b8e50ef74,user_0054,Just finished my work for the day.
da995ae0-8bb9-47a0-9809-66e338155da1,user_0079,This community is so welcoming and kind. I love it here!
00d752f4-f8f8-4fd3-a06c-5641de1a1ec0,user_0088,What is everyone doing this weekend?
ef38dcd6-25de-4b0f-9767-cf4a00b3eacb,user_0087,This is the best computer I've ever seen! Absolutely brilliant.
b0ba26c5-dc16-4da3-b1be-4b47dc3ec08f,user_0024,wow
46e06182-a8f6-44f2-a2e7-afe2f05a8312,user_0037,lol
0b8d604c-41e1-4289-9bdd-1ebe83cbe2c9,user_0092,Has anyone seen the latest movie about gamers?
841f4504-033e-4e47-9b78-0014d2ccea80,user_0024,cool link
222388f7-c32f-4211-82d7-ab810c9ce0fc,user_0050,Has anyone seen the latest movie about drivers?
bfa7cd16-10ef-4cc3-8858-226c7cc812d8,user_0013,What is everyone doing this weekend?
a17c271b-36f7-4f40-b3a3-530d0eb573ef,user_0038,lol
8b8a689d-db62-405f-8ee4-b646e4bd0ca2,user_0020,I need to go to the store to buy some food.
210491ee-0934-45b7-9eb4-0c8d39d2c7a7,user_0088,What a supportive day! I feel amazing.
631fd394-cda9-4f04-91b6-fca377d37e58,user_0044,wow
7becd0c8-3f0c-4aa1-b314-44aa568ccc55,user_0024,wow
2eb44a7a-0dd8-4403-8488-0d3245df57c2,user_0016,This is the best coffee I've ever seen! Absolutely brilliant.
3f8c93e3-09c4-40e1-a638-f63cfcfc2b2b,user_0037,The traffic was pretty normal this morning.
4386d980-597c-43bb-a913-a3620e471d5b,user_0054,The weather seems average right now.
dace62d9-137b-4931-aff2-1bed99643199,user_0059,nice
bab09370-51d8-4234-a630-d2bbbe7f4618,user_0044,nice
7aad6b0b-3881-4c84-9210-87e358316f5e,user_0091,I'm thinking about getting a computer later today.
519ef672-b23d-4bee-b406-289fcb92887b,user_0016,The weather seems normal right now.
5d925da6-8d54-49c8-9dda-d607daf35543,user_0059,wow
8f03c1d2-ab88-4312-88b9-f1efa71520a5,user_0067,This is the worst idea I have ever heard. Absolutely terrible.
d0d7ade8-fc85-4f16-8571-60ecc8d04480,user_0098,The weather seems fine right now.
1a82d6c5-e37f-4ad6-8d27-2a0e55bd8f00,user_0000,Has anyone seen the latest movie about politicians?
b5d83bd8-935d-48e1-b36a-dc6d74f32202,user_0045,Keep up the helpful work!
4d2ec7bd-92ac-47f7-a1cd-36466a08866a,user_0060,I need to go to the store to buy some food.
50af7d02-f4ac-4433-aed3-a87258f724f1,user_0038,wow
e8c1ead9-71b2-485a-a193-fa6089ed2916,user_0033,nice
7a6bcf23-e810-422b-8915-23c74d04993a,user_0063,I need to go to the store to buy some food.
dcd89e61-57e8-4954-ba89-48a559a18e9a,user_0003,The traffic was pretty typical this morning.
5f4f51a8-e7f6-4b61-8b70-eee42f8a0f4b,user_0040,Just finished my work for the day.
4754422e-2cb0-40a5-871c-9d0b1fe8c328,user_0037,cool link
d58b28c4-fc83-459a-b32a-050f62de6c33,user_0063,The traffic was pretty normal this morning.
61a68afb-7540-499a-b383-8ab98dfca166,user_0024,nice
a5b824f4-ad10-4a4d-aaad-aab3f9a1b3ca,user_0044,nice
e478555c-13d8-4813-b991-6738906b61a3,user_0055,Keep up the helpful work!
5732b3e6-fead-4454-8eef-1a091bc3788d,user_0047,I need to go to the store to buy some food.
85a370ea-c778-4938-82e9-633547f6d415,user_0044,nice
cbabc731-805c-430c-af80-ee136c27ba82,user_0059,cool link
d123cfa4-ca5e-4246-9f82-9ad63dbbeb1d,user_0006,You are a wonderful and wonderful person. Thank you!
2e06d076-a029-4151-9bf8-2e25205b6f4d,user_0071,Keep up the supportive work!
1231dc58-e22e-4b0c-a8d3-009acff6e6ef,user_0007,What is everyone doing this weekend?
1e618a53-9757-40e0-b3ae-1c2d6588e987,user_0033,ok
f86930ca-ed01-4979-a284-2b9c56328d5f,user_0037,wow
1df2c456-cdb5-4979-9f1e-a3bcd14e8c5d,user_0089,check this out
5dad35d9-7eeb-4d5d-a614-d01f99138e69,user_0031,You are a wonderful and supportive person. Thank you!
32cd5425-457b-441e-bb7f-13f6cbf7a1a1,user_0062,The traffic was pretty fine this morning.
c6cdf8ed-49e6-4187-aa0a-01e7e50c3dbe,user_0059,cool link
983feac6-c4d5-444b-9cf6-abee243e4d27,user_0033,cool link
fb27f0ab-d499-473c-9719-2f5e7db4e780,user_0063,The traffic was pretty normal this morning.
119f7344-119c-47e5-974f-05f52c6a39e9,user_0024,lol
7811cfe0-8e4f-4bb1-9fcc-f462c98fdb24,user_0037,ok
9e972b2a-f313-4610-b502-33d2208e40b5,user_0081,This is the best coffee I've ever seen! Absolutely brilliant.
a6a70531-e48d-4cda-9876-b4f15ba4f4ef,user_0089,lol
d51f950a-8ae8-4aa1-b5fb-2c2059619715,user_0028,I need to go to the store to buy some food.
fafb1c06-80f4-41bb-8c4a-2ef901f56e9f,user_0089,nice
4e993e69-3c09-4e94-9591-2b21f7e37c26,user_0033,wow
2eee209c-c0d3-449b-9647-ebb9a8940de3,user_0048,The weather seems typical right now.
64324ba5-fdee-406b-aec8-2fa5c1ce085b,user_0059,I'm thinking about getting a computer later today.
c56922cd-e699-4bcd-a6dc-6ecb94f34ef6,user_0083,I need to go to the store to buy some food.
29aa6f4d-e3bd-4577-ada9-7155fdd141df,user_0003,What is everyone doing this weekend?
8e2cf8dd-07a2-4b8f-aac8-6734243237ed,user_0007,Has anyone seen the latest movie about tourists?
48c168b4-d0c5-4990-8195-941b523cc73d,user_0037,nice
513845dc-c921-4a95-bd08-e1bdf93b0186,user_0038,Has anyone seen the latest movie about gamers?
07af9a1f-4750-4b9f-8bbe-ba0fabb7ca60,user_0039,Just finished my work for the day.
25c66a6a-5b73-494e-a224-bcd0ce5c040c,user_0038,ok
452b7f95-4ceb-429f-adcf-d382ffde7259,user_0063,I cannot believe how stupid this policy is. Fire everyone involved.
bcb24b4d-72b9-472f-bae7-9799debf55cf,user_0089,nice
384b4db7-9ea7-4582-a43a-4f4755aadc0a,user_0024,lol
3109ae54-76cd-4139-b498-260d0293f705,user_0005,The weather seems normal right now.
003958a5-6829-4420-a569-a9767d1fc454,user_0024,cool link
62f7768f-a869-4e18-a5b3-241bc71c1c57,user_0042,Keep up the amazing work!
a10d5b2d-3dfd-4e8c-a1f4-c801497e1350,user_0042,I'm so happy with the results. Great job everyone!
06a28ab0-bd2f-46a8-84c1-595aae3bc756,user_0024,ok
d50e70d6-f45f-436e-9294-8d84c7399050,user_0073,Has anyone seen the latest movie about managers?
cacea059-1fe4-44a5-a58e-c92d77bf24ae,user_0048,Has anyone seen the latest movie about politicians?
38fce9fd-9c2d-45bc-8b84-b965f8da04a6,user_0033,cool link
a9a7730d-a0e6-46ae-a50a-85c4e4eeb480,user_0087,I'm so happy with the results. Great job everyone!
f8e238df-d47d-4aa9-ae1b-76f74e1c3c7e,user_0044,lol
0522b333-cb32-49b2-a95a-28cdb0c0852f,user_0007,Your opinion is just plain wrong and you should feel bad.
84357af4-7fc0-4553-a1e8-1a269607629c,user_0077,The weather seems fine right now.
b0f098ff-c6e3-4329-a181-f69b6ce450a2,user_0044,wow
51a8f59d-393f-4df4-9bd5-222a3036776b,user_0055,I'm thinking about getting a decision later today.
0d338ecf-335a-48bc-960b-57ea9b32543b,user_0071,What is everyone doing this weekend?
8f4c5589-69da-4f54-96f3-b6653e94c767,user_0059,wow
9429d003-6697-44c4-a895-f0dfec7edd6d,user_0003,Just finished my work for the day.
26bd293a-939e-4c9e-b7e5-17daea842d26,user_0014,check this out
c0ff6ce7-1ad2-456f-a163-8f67dac79017,user_0044,The traffic was pretty fine this morning.
c3f2618e-87b9-4b3e-8bfc-8d68725be4f6,user_0089,check this out
a067cdd2-2466-47d6-838b-41be991235b5,user_0098,You are a wonderful and helpful person. Thank you!
67710310-2070-4b89-8bb5-69324fd50403,user_0053,I need to go to the store to buy some food.
f839fdea-93bf-4f14-b231-6e3395279247,user_0059,Has anyone seen the latest movie about tourists?
f553f748-54bf-4b21-88d4-2d0ce6bd5f55,user_0024,wow
4309114e-b86e-48da-b58b-1bd6f7f259d1,user_0049,The weather seems fine right now.
b17bab86-195f-4513-ab19-4c542e83b3f4,user_0059,check this out
3291faa2-4a30-4e4c-8dd6-f8d21362f806,user_0044,cool link
c0859359-bc5d-4721-a2bd-87a9f8ff2dc6,user_0025,The traffic was pretty typical this morning.
91b928f3-f4c8-4169-aed6-30d16edc3999,user_0001,The weather seems average right now.
43c4338e-9509-4a9a-a4d7-cbeec6c894ce,user_0084,Has anyone seen the latest movie about drivers?
ca068b34-7446-4016-84c6-eeac24aa13b7,user_0081,What a supportive day! I feel amazing.
5fe6c9f2-649d-46af-96f6-691c4387bbf7,user_0033,wow
a3d98d9a-d72c-4c28-a9bd-afcb2c29fb72,user_0006,I need to go to the store to buy some food.
2db02b7a-0fcc-4032-bbcd-57a7f349498e,user_0005,Keep up the fantastic work!
4eaa2ad9-976c-42e0-86c3-15f53b01afa3,user_0024,ok
9c98aaf5-2b26-48c4-bd4e-3e15f24227c5,user_0051,The weather seems typical right now.
053923ab-d256-4023-bfef-17a49f208d6e,user_0097,I need to go to the store to buy some food.
efa6d89e-183c-4e94-a883-71e6b09f6311,user_0009,The weather seems typical right now.
4da33954-0ef1-46f8-8e62-ec66427b555f,user_0000,Just finished my work for the day.
016b0fc4-0350-4428-b2db-e6e592b335e8,user_0064,This community is so welcoming and kind. I love it here!
30b8c0fe-e632-44e5-bbb1-994ef8965904,user_0024,nice
74353d33-76d7-4ef2-bbb0-cd927e3e8d2e,user_0054,The weather seems average right now.
8d83a1bd-76bd-4883-a374-28bc7c9cf448,user_0001,You are a wonderful and helpful person. Thank you!
82185428-88b7-4e29-8b95-194d75b17c8c,user_0054,This whole project is a complete failure. What a waste of time.
13c13469-8383-4dc1-b638-53263930d649,user_0089,ok
92f00e70-f126-43ce-8b18-979f09dc44ca,user_0045,What is everyone doing this weekend?
e71119dd-4602-447e-b774-048823ca7c30,user_0025,The traffic was pretty typical this morning.
04f5f5de-45fb-4984-bafb-c08024473acc,user_0007,The traffic was pretty typical this morning.
40933304-5593-44e8-af80-8a7ee460dc11,user_0044,cool link
615c3ec0-d810-4d00-a81e-9d696881b057,user_0038,wow
39a63bfc-abc2-46bc-8c14-bc649252e234,user_0026,Your kind is not welcome here. You are all disgusting.
82fbcb3c-42c6-4d3a-8a29-d4bca1ed48de,user_0039,Just finished my work for the day.
ac05ddac-f026-4bc7-be5c-cdd5e68fb0b0,user_0096,Keep up the helpful work!
7a62af21-1429-46cd-af84-ff96181b9c4e,user_0011,This community is so welcoming and kind. I love it here!
fb9d17fa-e807-47b2-9f3d-cab0efdc72e5,user_0097,I'm thinking about getting a decision later today.
76e26499-3527-49fd-9df2-f24f0b9b8f5b,user_0005,What is everyone doing this weekend?
2d2987df-0e13-4530-ba03-a77c2ee1ad73,user_0044,cool link
9a75f117-1fa7-49a5-ad35-c09ba562ec83,user_0018,Has anyone seen the latest movie about politicians?
cdc5dd57-44fe-464c-9c15-7743e4fce1f2,user_0038,check this out
a7f8df8c-e224-4752-bf72-16d810bdb1b4,user_0033,check this out
b948cb74-7686-4a48-a1dc-8ec1ec0502a2,user_0014,Just finished my work for the day.
3b7e945c-e35c-4ba5-8d32-97cac4933c99,user_0044,wow
86c1ea9a-f3f2-4304-a795-1bf4037858f0,user_0002,The weather seems okay right now.
1ac77a4e-a193-44f7-aa3a-b4f9a922a96f,user_0044,nice
bfc1782e-2191-4aa9-aab6-843b89ca1314,user_0092,I'm thinking about getting a coffee later today.
491ff7f1-2b95-4b00-b1dd-75581a397e35,user_0059,wow
0c669ad7-8e29-43a5-ad98-a90e135a1090,user_0038,check this out
6d7a39c2-a754-4792-a4e9-fe97c779e428,user_0038,The weather seems okay right now.
bc805b4a-d97d-42f2-80a9-ac36f3e87215,user_0075,Has anyone seen the latest movie about drivers?
ebd7ad33-44dd-46e0-a36b-e96c090dfd38,user_0079,The traffic was pretty okay this morning.
04c318b5-769f-4648-841a-eb4216dcb956,user_0011,Has anyone seen the latest movie about drivers?
98087906-8926-4a55-874e-79ffb61cd767,user_0078,I need to go to the store to buy some food.
2a0d05a0-f991-450d-9805-88e9e96e422c,user_0010,This community is so welcoming and kind. I love it here!
9254dc2d-f396-4496-bf1b-af8e56da164e,user_0024,cool link
662e005d-0eaf-4e81-b4bc-8c03a4ba7e79,user_0059,nice
7c5c2754-04f7-444e-aec0-600cfbf4c0fc,user_0033,nice
1496eef0-1944-4b10-b62d-1d6d0ffc9677,user_0017,Has anyone seen the latest movie about artists?
857f7810-3f79-426e-a8d0-2902719002f9,user_0010,The traffic was pretty typical this morning.
f5cb252e-eb0b-4bb6-b5a8-f715d93f676e,user_0097,I need to go to the store to buy some food.
4ff16ec1-a088-44a1-a1dc-305786436561,user_0044,lol
6a8c9017-8067-4c0a-9d3a-5cddc39e4d17,user_0059,lol
a2c92b4a-a045-490d-acbd-cc831dacdbb7,user_0033,cool link
56b1531e-0be8-4164-8874-d21ed528d61e,user_0059,cool link
d8030b87-8438-4589-aeaf-87db6ca6cadb,user_0015,You are a wonderful and helpful person. Thank you!
d0d4bd32-026f-419e-adc5-b19db92e7d16,user_0014,check this out
0dd67987-d3c0-47d5-99fd-820272551193,user_0029,Has anyone seen the latest movie about politicians?
a7624c82-99c2-4908-96d2-2042ff721b5d,user_0024,nice
85d39e41-51e9-4371-aabd-4ff1a8522bd8,user_0044,nice
b3d3bf43-5de2-4d8e-a8e4-04f451791dc3,user_0014,wow
73dc3721-796e-434f-831e-59e834de1603,user_0007,Just finished my work for the day.
b5fb25f1-a019-4577-84a6-cb70f822d851,user_0094,Just finished my work for the day.
59fe3a49-a6bc-4887-8e00-6ffc20118be0,user_0038,check this out
ddc19dc1-6e98-4434-90bb-0acf610f5989,user_0077,Your opinion is just plain wrong and you should feel bad.
3de02a58-50ad-46f7-8521-4746832fe87b,user_0008,I need to go to the store to buy some food.
33e42aa9-e00e-49fa-ae24-01ac7ccf154c,user_0056,The traffic was pretty fine this morning.
2423e891-1891-4c19-8fcd-a2a58b816ec5,user_0032,This community is so welcoming and kind. I love it here!
d45d28e8-c78e-4d09-9986-9822f6ad0290,user_0081,I'm so happy with the results. Great job everyone!
4f9ed1dd-ae19-463d-b7de-d2b0ea4a84cd,user_0089,ok
e137d9bf-82ad-47ae-a74e-6e53da180014,user_0089,ok
6fb7b25d-bc0e-4437-b6ef-efa872b4b058,user_0069,This is the best computer I've ever seen! Absolutely brilliant.
e492ae24-969e-4f24-9e1e-d6adeccf1459,user_0006,Keep up the helpful work!
d9b11fd1-242c-433b-aa0d-b95073acfcab,user_0037,nice
75eff0ce-a83a-42af-a9bd-c47dafc4d748,user_0008,The traffic was pretty typical this morning.
8296f94a-6f20-4d71-ab4e-3692a13910f1,user_0057,Has anyone seen the latest movie about tourists?
7f0c8141-c22d-4dd5-bb0d-4d7a4e191b9e,user_0049,What a helpful day! I feel amazing.
339b108f-7e4c-40aa-bc8c-58aa7ba937c1,user_0044,cool link
265c5013-bae5-4a9a-a08a-4cc9024d2e19,user_0007,What a amazing day! I feel amazing.
f307cc51-246e-460c-bbd5-cae9f4f7f65e,user_0024,check this out
bb4734b2-1e3c-4777-aa8f-b2f817186721,user_0019,The weather seems normal right now.
c13f83df-c658-4bb1-acad-293cb39a1f69,user_0033,ok
9eec5ceb-e2fc-40dc-98f1-808f61a082c0,user_0044,nice
bfa9fef3-d338-4d77-a7e3-8fc213d119ae,user_0038,lol
ca6f5bdf-2a05-44c5-b2d7-cbb451943bfe,user_0056,I need to go to the store to buy some food.
5eea7bee-e376-4440-9b23-1978e783cd0f,user_0033,nice
c154a7e6-acfa-4ca6-a35e-e650c49e1544,user_0051,The weather seems fine right now.
1c1bf390-9139-4f59-a313-cf2b270ea1fc,user_0059,nice
51f6f17d-0d07-47df-b499-e32d8089b45c,user_0005,The weather seems okay right now.
6fddb6aa-ae4c-4dc0-8cbd-21422042221c,user_0044,lol
82910cbb-6a25-45c0-8c6a-688f612a338a,user_0096,This community is so welcoming and kind. I love it here!
899983f9-21a5-4b43-9349-b4ef94e8c535,user_0084,Just finished my work for the day.
939ba010-4e70-4397-8fe1-7bf020f6f0f2,user_0024,check this out
86a75fa7-d0e1-4ed7-b281-d6f539f6a845,user_0029,Just finished my work for the day.
9459abdf-6ae6-4ef8-91d6-ea831b567782,user_0069,I'm so happy with the results. Great job everyone!
e202295b-2cc3-437e-bd3b-58a4c36c9f6a,user_0044,wow
36fe70d2-0783-43bb-9dd5-6167db367006,user_0085,The weather seems normal right now.
97bcb152-eec6-4942-9cec-e85e849846b1,user_0039,Just finished my work for the day.
529ce9d8-3e73-4e42-8802-a32a44b0d6c3,user_0089,check this out
0adfbabe-fc2f-4c4c-b820-919afaaa57e5,user_0033,check this out
f81186a3-be43-48ac-8579-c616b48742f7,user_0059,nice
3a38e713-88f7-41ca-aefe-df54f017d303,user_0096,This community is so welcoming and kind. I love it here!
2259bf8a-2c14-44a6-9699-efd3914d6f06,user_0038,lol
80869eca-73bf-4105-90f0-385091ebbedb,user_0038,wow
8115d241-7fe8-4136-aaf0-269f2ffefde5,user_0010,What is everyone doing this weekend?
e0bc9319-65cc-4263-aab2-ad15736b9d14,user_0010,I'm thinking about getting a book later today.
e1364971-dc35-49d0-856c-084e2dd9bac2,user_0014,lol
8fa2b7cc-14ee-4689-bb02-7df8166a2f01,user_0089,check this out
4039d086-394b-48ac-a1d8-11052914aa37,user_0072,What a amazing day! I feel amazing.
6427b473-9f74-4618-a056-2554c88b3a17,user_0056,This is the best computer I've ever seen! Absolutely brilliant.
6b1ef47e-2c32-4665-9205-bc854a7250b2,user_0063,I'm thinking about getting a car later today.
8c5fdbdf-91f2-4dac-8866-ee22e41d2fa8,user_0097,The traffic was pretty typical this morning.
a391ff8f-61bc-4d7a-b13a-df628a1a43d6,user_0087,Just finished my work for the day.
739b32c9-8111-477a-874d-531df5184790,user_0014,ok
2c8e4e01-ac71-4d81-a046-410dfef3f432,user_0059,lol
f4d4771a-ead1-4dca-b393-b7795de471dc,user_0044,lol
dfd387a2-0e24-41f6-9027-ca90e7cf091a,user_0044,lol
d222928f-d3f0-4a41-b51b-e79d20f11a1b,user_0029,I need to go to the store to buy some food.
983ff904-9f85-4d5c-82f6-50aff25ea589,user_0098,Just finished my work for the day.
5cee6f1b-d3c6-4c1f-ab1a-523ab4c5b2ce,user_0081,This is the best project I've ever seen! Absolutely brilliant.
8628cd28-af71-48c0-bd8f-ec836f0fb113,user_0041,Just finished my work for the day.
c6d1ffa1-4ad5-4e3d-b537-599fc8d4cb31,user_0034,Has anyone seen the latest movie about drivers?
0b7708a4-0ba1-4448-a1b9-e2a4e905db00,user_0037,wow
d74a4dbf-b59d-4895-85a7-9c6c3a9928fd,user_0078,What a helpful day! I feel amazing.
127ae5f1-5719-4413-8fd3-e2879f8e6adc,user_0004,This community is so welcoming and kind. I love it here!
50d01cdf-0b84-46e9-b114-5268e4a7ce28,user_0037,cool link
a2c0c46b-326c-402f-a45d-c84a72d99efe,user_0037,The weather seems okay right now.
706ae748-11f1-4865-b045-3f1d3b7c88f2,user_0034,This is the best decision I've ever seen! Absolutely brilliant.
103b886a-b1a2-48f1-9b55-2847eca5f23b,user_0044,ok
eb3e3e04-e2bd-43b1-926c-f3a0a9152c45,user_0089,ok
bd8e7c44-880c-4a56-9bbe-99a6a8271952,user_0084,Keep up the supportive work!
ec3559e8-2500-464f-8431-00b1aef457b7,user_0094,Just finished my work for the day.
e7a2785e-e701-4b2e-92ca-9dc67a608b33,user_0056,What is everyone doing this weekend?
9b2bb88b-bee3-4246-9aa4-63442e752392,user_0076,This is the best project I've ever seen! Absolutely brilliant.
39f543fe-c27e-44b0-87fd-8970745815c0,user_0011,I'm thinking about getting a coffee later today.
7c52b6e3-8607-46e6-a549-9bbc8f5df7b9,user_0059,ok
d5aa6f51-0fcb-400f-94b5-4bd22f628d2c,user_0044,ok
4eaffa75-3f20-4a5a-9c0a-5d26677c5e99,user_0037,wow
b8f683ab-2982-4fe4-b479-40ca4e610fb2,user_0014,nice
78e61cbb-60b6-4a2b-8300-643375a7fefb,user_0007,You are a wonderful and supportive person. Thank you!
dea917df-46c8-4273-8f1e-fa895d10993f,user_0024,ok
1fe87c79-345a-4dae-8087-6aeb836d6770,user_0013,Has anyone seen the latest movie about drivers?
265782d4-2609-4f94-8311-c461c3c5e9c9,user_0089,wow
3395b36b-5796-4dc3-a346-f254ea8050a3,user_0043,"I can't stand drivers, they are ruining everything."
f8d1ff5e-da41-409f-9755-37a62af194b7,user_0024,nice
07a47cf0-c1ee-4a4d-b756-b9177dd054b2,user_0018,I'm thinking about getting a book later today.
63a26da3-77f5-4b67-a766-5c036f606e64,user_0024,wow
55fda839-deac-4fad-947c-969cd51c33ad,user_0037,nice
7800f63c-aa79-41d5-a81b-4efd3de2ae9c,user_0018,The traffic was pretty typical this morning.
a45e4606-886a-4979-a668-416d13b8406c,user_0057,The traffic was pretty fine this morning.
cd1df30c-be37-4b4b-8fe2-98630c7c3adc,user_0037,nice
a495d956-904c-4f12-af09-77ffd037a9c5,user_0052,Has anyone seen the latest movie about gamers?
e9c0ba7c-fcda-4aec-84d8-224dc46f42fa,user_0014,ok
6d44b66b-0558-4ae1-a8f1-48f9048139fe,user_0021,The weather seems normal right now.
74ec25c3-9dfd-4b2d-a80f-17ce3cd8b104,user_0014,check this out
555409a0-4488-4770-9f5a-84fb8155bc3c,user_0041,Has anyone seen the latest movie about politicians?
89eee126-4ed6-4642-9f0f-e6e9881bddff,user_0057,The traffic was pretty fine this morning.
c4cca579-df1c-4fa5-b631-19f91fd77585,user_0071,I need to go to the store to buy some food.
7650c429-96df-48b7-9bb3-c3364eaf2afb,user_0046,I'm so happy with the results. Great job everyone!
769f11c0-45b6-4995-93b9-6e6d01a0fc8f,user_0014,check this out
6881ae41-b38d-464d-9923-f81ad5d5cf68,user_0044,ok
0ce58639-506d-41ad-9e3f-383ce07032ea,user_0084,What is everyone doing this weekend?
6c81c6cd-7216-4ea8-8359-cf1e60b14f9d,user_0056,I'm thinking about getting a decision later today.
cd0c5bb4-6f7f-43b1-a120-7df37177f9f8,user_0007,I'm thinking about getting a book later today.
9dd278cc-3d9c-4021-8b8a-c3504315d25a,user_0033,check this out
b74ca0ef-b46e-4514-8814-0ee7fedc55cf,user_0067,You are a terrible and terrible person.
2afd1b87-dadd-4095-b3b9-9caef9124c37,user_0008,Just finished my work for the day.
606b85ec-912c-428f-9906-0a3c3f526f8c,user_0084,Has anyone seen the latest movie about tourists?
e71e91a7-7534-490f-881c-858cd2e3e517,user_0033,cool link
ce9b0a2e-3cee-4a48-b9c6-4e782cdc0e86,user_0089,check this out
6d02990b-facb-4f35-b8d0-54498f4071a1,user_0044,cool link
09c41b08-216e-46fe-bf20-076f2e957218,user_0068,You are a wonderful and wonderful person. Thank you!
f9aace65-6f2a-4a8e-9672-db84d84d9899,user_0061,Has anyone seen the latest movie about gamers?
87cdb4d6-a54d-490e-aeec-81f11c39de16,user_0050,Has anyone seen the latest movie about politicians?
f96e8e7f-5464-46ad-ad0d-aab1406e8518,user_0006,Keep up the supportive work!
30a03d5c-d002-4d98-8d9b-2f1451f98342,user_0059,ok
30bb89b0-6283-4884-8ca6-3b482c335b49,user_0058,This community is so welcoming and kind. I love it here!
d029914c-dbf9-4486-8809-257d36ad1691,user_0053,I'm so happy with the results. Great job everyone!
2c9e7d73-b361-48f1-9cc5-031a920a8e12,user_0069,Just finished my work for the day.
1936e9ff-6f16-4f47-a370-7bfd27b5ca3a,user_0024,lol
f6750da0-12df-426f-bc2f-e25b039f6c24,user_0078,Just finished my work for the day.
72b17dcc-b01c-4853-a340-2ac302a46077,user_0094,The traffic was pretty okay this morning.
0fd22543-a796-4ab5-a581-b8f008b289a0,user_0096,Keep up the supportive work!
a986f720-a801-4221-958a-b6e6f73aca2b,user_0089,lol
b3ed654a-e53b-49a2-b794-e96c483bd2ad,user_0038,nice
d55521be-ac3c-4a7e-8772-0ff483bfa994,user_0004,I'm thinking about getting a coffee later today.
bdc8b1b6-9845-421e-886c-3001dce0f1a2,user_0068,I'm so happy with the results. Great job everyone!
ad46128b-60c6-49ce-8167-e25f8720a8f7,user_0053,I'm so disappointed with the service here. It's awful.
755a643a-e3d8-48f3-93ed-6b4ed8aafbba,user_0037,lol
c6a7c32b-7e99-42b0-9fde-c6c485f90c28,user_0012,Keep up the supportive work!
0e9ce0de-884a-4d8a-8ea1-d532c76302e4,user_0038,nice
792d51da-518b-46ee-899e-b3f3aaded3c5,user_0056,Has anyone seen the latest movie about tourists?
e2e5679d-38ec-47d3-9197-93f86e6c1981,user_0062,I'm thinking about getting a decision later today.
fe524af7-3f3d-4dfc-8e3c-506ff5c0b55f,user_0059,Just finished my work for the day.
2432ce66-8ae2-4c5f-842b-e64a16b8d542,user_0087,This community is so welcoming and kind. I love it here!
6d7e8c9e-e88f-4bc6-8a10-35625c3790b2,user_0020,This community is so welcoming and kind. I love it here!
3f28cd66-6667-498f-85aa-145a89ee905a,user_0095,The traffic was pretty normal this morning.
498726d8-b7e4-4b6c-a24d-2d8302dedb6a,user_0057,Has anyone seen the latest movie about artists?
82fa0a8f-e99d-4008-a224-fb7b0ea08506,user_0082,Has anyone seen the latest movie about politicians?
fc75d2d9-de0d-426b-b10e-4635c085aaf9,user_0044,cool link
e88a3b2f-b5f2-41ab-8601-4562f1a08268,user_0066,What is everyone doing this weekend?
6d47a27c-4857-48e8-a74d-ab4bb9596a61,user_0083,Just finished my work for the day.
69cf137d-e8eb-4851-8419-172529e14134,user_0000,I cannot believe how stupid this policy is. Fire everyone involved.
0ad75bd5-4552-4a2f-9288-b38e8f91f5de,user_0033,lol
489c4f3e-c3a4-4c8e-8cbf-7dee0fc52dc7,user_0033,cool link
292ef444-09c8-4890-9d9d-fd37c575cafd,user_0086,The weather seems okay right now.
c9cecc0f-a53b-4657-8e97-ab2104809484,user_0028,I need to go to the store to buy some food.
5b7b076f-9c05-4df5-b0ef-db330c3fa9b4,user_0089,lol
ff6ad783-33a4-4e4b-96b7-b06478f81391,user_0024,cool link
5c0195b7-51c0-4cc4-b584-a63de758b9d0,user_0016,The traffic was pretty fine this morning.
d72f265a-bf52-497f-9b5c-501cc5126c21,user_0033,What is everyone doing this weekend?
f0cbee54-4b69-4a91-9df9-e79aaf58eca8,user_0032,Keep up the wonderful work!
56b946b7-d136-4d05-be93-5b5d89114881,user_0041,Just finished my work for the day.
95c9bb26-733f-415d-8a5a-6f6b32fd0090,user_0044,ok
df5d51d3-f202-476a-971e-fb5fd40a64fa,user_0037,ok
717b3cc9-4e5f-4f60-b4fb-893e968b1357,user_0038,lol
f0cf75dd-9b67-403e-9112-73548242da09,user_0037,wow
63d42504-39ce-4e99-9766-d00b0b018a54,user_0009,I'm thinking about getting a coffee later today.
75e8cf8b-ab0c-426f-88ab-541bdf180e26,user_0024,check this out
ee94e6ee-ffd4-40b1-9b83-b9fc0f06fb88,user_0026,I'm thinking about getting a car later today.
bc0c260f-ca33-4aa1-baba-47da87b940b3,user_0073,I'm thinking about getting a car later today.
cdd749c0-bc66-4a9c-9833-106b64fb33dc,user_0033,check this out
79351f66-4491-46a0-9bbe-b5ff5054fe61,user_0018,The traffic was pretty average this morning.
6b28b640-efc3-4a01-90e9-14bbc0ff7d02,user_0039,The weather seems average right now.
1e6f4844-c7c9-412f-abd7-fa4091455493,user_0036,I'm so happy with the results. Great job everyone!
9dc7b772-34b9-44a9-978c-e29cc6671fda,user_0004,Keep up the amazing work!
27a01a6d-8586-42a4-9468-79c461913a7f,user_0044,wow
d0f72f8f-fd97-43d3-a40e-33be9473fd5f,user_0042,This community is so welcoming and kind. I love it here!
6cb6c4b7-c81f-4ae5-ac2e-c3f85fb29009,user_0095,Just finished my work for the day.
8dc6fe04-8273-420a-bcbb-4976b22a5a2d,user_0043,People like you are a disgrace to our community.
75561212-f5c5-4a5a-9cf6-d3b7581251fb,user_0019,What is everyone doing this weekend?
6fa8faff-498f-427e-add0-5a0e2fd8bc9f,user_0094,What a brilliant day! I feel amazing.
e462b180-88bb-4892-a0c8-1b83ef7db7af,user_0024,cool link
7980ea4f-65e1-4f15-a1a5-df2602a40d02,user_0044,I need to go to the store to buy some food.
f6e788fe-72a7-4a7e-8c71-6fd946d8559a,user_0037,nice
f9600194-95db-400d-92d5-201f0a05c433,user_0007,I need to go to the store to buy some food.
580eab6d-5f69-4ce8-9fd9-dc048950a525,user_0015,This is the best decision I've ever seen! Absolutely brilliant.
54080dda-efc8-496d-a8fa-ed7c585e096f,user_0092,What is everyone doing this weekend?
b31e8b19-63cc-4107-8bc2-fc4a9c06ec94,user_0037,The weather seems okay right now.
6b7fe8d7-28df-40d6-92aa-a82489834b46,user_0041,This whole project is a complete failure. What a waste of time.
4e5dc555-cd85-49ff-8c79-063032064f9e,user_0036,You are a wonderful and amazing person. Thank you!
830c8cdd-3345-4755-97a0-62fc9532717f,user_0038,lol
73e03d9e-a3bb-4394-92a0-18aa22665962,user_0024,Just finished my work for the day.
1c9dcf21-24d4-4c07-8825-ef15c4137eaa,user_0089,lol
f6cbf05f-4ae4-4b70-8861-ff715f91eab3,user_0024,lol
72d93cba-16b5-4844-a40f-fe01e41da444,user_0051,I'm so disappointed with the service here. It's awful.
f607fb28-5617-49ff-a82c-0addbb6f7c4c,user_0098,What is everyone doing this weekend?
aa637f52-1d52-4b66-a0b1-a369645298cc,user_0083,The traffic was pretty fine this morning.
a99372ef-666f-4360-9a6d-187de17de2e0,user_0095,The traffic was pretty fine this morning.
bf549161-5c2d-4660-8a8b-392760c106a4,user_0059,nice
0f97f72a-4c39-4629-ab71-a89887de7c74,user_0034,I'm thinking about getting a computer later today.
5361b746-5ec6-4d06-8638-70cc7bb2a4a5,user_0044,nice
eae31912-6f79-4df7-afce-3d628b7f836e,user_0094,This is the worst idea I have ever heard. Absolutely terrible.
7a442a0c-914c-45c1-ac73-4052ddf642d1,user_0089,check this out
af0e0aab-76f5-4e9a-abaf-874e33227687,user_0045,I need to go to the store to buy some food.
cf84e727-3f4b-41ea-b784-b9471ae32998,user_0089,nice
a5dc1187-e9d1-4748-b707-2a0d946f3003,user_0033,lol
73dc5987-0ad8-4097-8ce7-5d980b3b4b50,user_0035,What is everyone doing this weekend?
ddb39ce7-0adc-4035-875d-d487e58af4b1,user_0089,I'm thinking about getting a computer later today.
9989598a-f0ed-4981-8fe6-f3a6e7222a08,user_0038,check this out
3d5824ce-2e90-466e-9816-abd916796f20,user_0033,check this out
0d2e0f60-f2cd-4751-aa1d-e0467ebfec25,user_0014,cool link
6d9e82e9-6690-4837-bfc5-2a2585d90194,user_0024,wow
078fb7de-1c24-426d-b905-b2bf7acb4b2f,user_0059,ok
c3cc8dc0-7dfd-4b50-be94-4861b7537dd2,user_0007,The weather seems normal right now.
729027f7-df7f-41a1-b693-8256fe62b23a,user_0067,This whole project is a complete failure. What a waste of time.
da8b06ce-c4fd-4819-b67f-416cf32f20f7,user_0037,I'm thinking about getting a project later today.
fb6c2ab9-0066-4c3b-85f9-873dadf235b1,user_0068,What a amazing day! I feel amazing.
3e5180f9-2b19-4413-b4cf-7cd1054af15b,user_0014,nice
01ae4c2b-9016-455a-952e-b113a91c8df6,user_0038,wow
291a3ef3-27e1-40e3-a13c-72e3d96b02f3,user_0074,The weather seems fine right now.
ee7165c5-0cef-4bc4-a2ad-dc0435ff08e9,user_0002,Has anyone seen the latest movie about politicians?
922f7d22-0921-4678-99c9-175451c3717e,user_0032,I'm thinking about getting a decision later today.
e3e4a794-611b-46ad-a291-74eb280362ca,user_0021,Has anyone seen the latest movie about politicians?
1440e740-96eb-4176-a88f-00c53186a702,user_0066,Has anyone seen the latest movie about gamers?
445447c3-a451-45a6-b896-4855d622c236,user_0038,ok
1a7ba01b-d9ce-4e46-82bf-f45688d212d1,user_0062,This community is so welcoming and kind. I love it here!
fd9360ac-6fcc-4b8b-822e-e99be6f0d99b,user_0034,I need to go to the store to buy some food.
b5f6216c-1a12-4cac-9dab-9dbeb20bf5c1,user_0044,cool link
ce540ed3-dcf6-46e4-a5ec-0d7841bd5c7a,user_0061,I'm so happy with the results. Great job everyone!
301a9f4f-8a6f-4fc6-a47f-81654dd46035,user_0047,The traffic was pretty typical this morning.
5546d955-8f54-4a17-ab71-ec66cc69cbd3,user_0018,I need to go to the store to buy some food.
e8b60981-14af-46d8-af71-37edfb242816,user_0090,This is stupid. I'm never coming back.
9a72a114-19f5-4f3e-82c3-a9d65362789b,user_0079,Has anyone seen the latest movie about drivers?
15a27be5-350f-4f36-912a-546084c96447,user_0044,lol
ca564b64-523a-427e-96ed-fdd2569cc478,user_0059,The weather seems normal right now.
11cf089a-723c-4ecd-88eb-f52ef185076e,user_0044,check this out
b7d2e33a-6d68-46eb-82c5-6993ec03dbff,user_0037,wow
9cd759bc-1185-40a9-8b55-7d70e301e091,user_0008,Has anyone seen the latest movie about politicians?
12d3ef01-ff94-45a5-bc8a-2f9bfb325d21,user_0014,I need to go to the store to buy some food.
d8d82d61-f631-4765-9daa-b9a135627dd1,user_0080,The traffic was pretty average this morning.
00c422af-6821-4bcc-afcb-5c839c1f2359,user_0059,Has anyone seen the latest movie about gamers?
f470247e-236f-4df8-8630-05e85f03537a,user_0077,Just finished my work for the day.
f132b2b5-d145-44bb-8f7e-564136e5e625,user_0038,cool link
7cd07451-be14-4e36-9110-87633ffa928d,user_0037,I'm thinking about getting a coffee later today.
714d14f4-eb1c-479d-bd9b-ada342a4f31e,user_0026,"Go back to where you came from, you don't belong here."
49f92fb9-1c1a-4416-9034-104474ca54a2,user_0023,Just finished my work for the day.
b4bc3490-da4c-48dc-8a87-aa1ea1027c00,user_0033,ok
8c7c8f5e-a250-4c72-ac58-4db98163dea5,user_0024,cool link
18b17c74-258c-4adc-8471-4aacc33d2025,user_0044,check this out
02093c3b-9dee-4051-9578-96d7d40779b7,user_0014,wow
32d076ae-a6cc-4644-a9f7-ee67d22d3c65,user_0024,lol
253705f6-a772-429e-a575-d0fcc2d811dd,user_0058,Has anyone seen the latest movie about drivers?
6e5bd4fc-6388-4027-905b-cf2923a2727d,user_0059,check this out
832a8c77-0f4c-45c9-88f9-2d13fbcc7e10,user_0044,check this out
14a2816b-1c65-4517-9d1c-97eb1b59446a,user_0060,The weather seems normal right now.
426acb76-de87-4eed-921f-a08bd5ae8792,user_0087,This is the best book I've ever seen! Absolutely brilliant.
94ddae8f-d623-49e6-a5a3-81b3a72a3314,user_0038,nice
c6c72d65-3a48-4ddf-93f8-92682b24e4f1,user_0033,check this out
009b5950-effd-4047-80bc-c3dacd35ee0a,user_0013,I need to go to the store to buy some food.
66009f40-6555-4d6d-8124-c5fa4a897850,user_0030,I'm thinking about getting a car later today.
11d441a2-ee55-4a95-a9f6-4c9c24c7f2b4,user_0089,lol
0d9ba507-6c3e-4272-b231-0b4f1ffc5500,user_0006,This community is so welcoming and kind. I love it here!
4070cf33-6a30-4352-bb70-ef2c4a5987a2,user_0070,Just finished my work for the day.
71641e59-256c-47de-ade2-3067dc2337bb,user_0037,nice
821b3291-51a1-4088-9fca-df63168875e5,user_0033,ok
1fa57bf5-1f30-49ec-a89b-30fa041fdfe3,user_0026,You are a horrible and horrible person.
4e346122-f9be-493b-b912-73ee44b0290c,user_0014,ok
5e7735fb-4f05-431b-b470-e470b49d2250,user_0037,ok
64a2d8df-e593-4fe0-9e36-a6cdfc420260,user_0049,The traffic was pretty okay this morning.
81efe928-7c45-4fa5-bc4b-58b183bac1e7,user_0082,I need to go to the store to buy some food.
b356fad9-19ef-4a23-bcc8-28199efb9945,user_0030,I'm thinking about getting a decision later today.
a97c51f8-7b09-49bf-9c8c-9f9c5cb8d8e8,user_0089,check this out
2f07b568-7064-498e-8915-96d73e3d6704,user_0061,What is everyone doing this weekend?
282d7b0a-87ba-470a-8e4a-cbd99451db0e,user_0080,The traffic was pretty okay this morning.
a03be198-003b-409b-909f-28bc3a8a1e92,user_0033,Just finished my work for the day.
af32782b-148b-47f9-bf4c-f90f81827af6,user_0037,lol
928fe831-0bba-43a2-9295-f47bf71cbf91,user_0089,check this out
5d16db0e-94f3-4deb-8e7d-cf6a933ecd65,user_0037,nice
ee929b34-7319-4e9a-a206-045d7229dd96,user_0037,lol
f91726d1-abf4-4532-8a86-2b47678437fb,user_0033,nice
8ab40fcf-9ac8-4a62-8863-8a628cb8dfbf,user_0014,What is everyone doing this weekend?
f1de3d6d-11b7-4baa-9633-5e8c984922df,user_0033,check this out
b11269b6-839d-459a-b630-e5df5db5ef2e,user_0054,I'm thinking about getting a project later today.
e6136c1a-3b9b-47ce-9204-7b40ba9c987c,user_0092,Has anyone seen the latest movie about managers?
414d9ea9-e898-4d85-9a88-a7254e13a70c,user_0059,cool link
1cb89264-fcad-4dd3-89c7-fbaa794fff2b,user_0042,The traffic was pretty fine this morning.
dcaf1caf-2892-4df2-ba45-414955f4931e,user_0073,The weather seems typical right now.
44779213-5c66-4988-a937-ae3ee9d939c9,user_0030,I need to go to the store to buy some food.
99324263-9955-4e4d-9b5f-3d9d2aaf924e,user_0076,What is everyone doing this weekend?
9ecd2224-ad27-4d2a-981e-7bee7749e658,user_0037,cool link
09ae9c24-bf32-4018-b73b-876e6250a83e,user_0024,nice
2272ba13-8f42-4f0a-9ed2-d95498a5c466,user_0059,cool link
df2822f3-67f5-4138-a377-6c873f8c2173,user_0000,The weather seems average right now.
52618d64-ed5e-4a09-8abd-f5e44d6862df,user_0026,This is the worst idea I have ever heard. Absolutely terrible.
feb37e33-518e-4d38-bba8-cf7f5a9e0db2,user_0087,You are a wonderful and supportive person. Thank you!
e01f5123-f6cb-46ec-8bc3-7314ab69b734,user_0032,This community is so welcoming and kind. I love it here!
fc3e86ba-509c-49df-ab7d-69436753622f,user_0093,Has anyone seen the latest movie about artists?
937475f0-92d6-4e0e-9bfb-e3ef9c51e749,user_0081,This is the best book I've ever seen! Absolutely brilliant.
f80a9e6e-bf87-44cb-ac5a-39b169bbc24b,user_0038,wow
46e32f75-821b-4e05-b9ea-bbeb9c5e6750,user_0061,Has anyone seen the latest movie about politicians?
861e05f9-c056-453f-b52f-64a087d98190,user_0090,What is everyone doing this weekend?
a5600ef3-8f03-413b-949c-d875fb3ade92,user_0024,lol
d4f532cf-fdc0-4c95-9886-0867c4c3a7f5,user_0059,ok
43f107c1-e141-4818-9802-1fafa0207408,user_0038,Just finished my work for the day.
81dfabf9-6070-4dc8-83de-d59dc481c830,user_0044,I'm thinking about getting a project later today.
86a2866c-47a8-432c-9375-c3a124c3c64d,user_0053,I need to go to the store to buy some food.
6b9bf5f3-8b0b-4b03-89ae-481e10832bef,user_0033,check this out
eb92c3c4-afe6-4f28-be65-829ee96d2623,user_0001,I need to go to the store to buy some food.
c4673c38-7267-4894-af7b-942af742c80e,user_0086,I need to go to the store to buy some food.
98e2ea14-980f-4770-b086-d8c33ec80a9b,user_0044,nice
b952d39e-8bff-4cc3-95f9-913b91287ca6,user_0001,Has anyone seen the latest movie about tourists?
251abbb7-98c9-4c8b-9bb4-dfba592af19a,user_0058,I need to go to the store to buy some food.
7144bd95-5b0a-45b7-9dad-20832f8ce828,user_0055,I need to go to the store to buy some food.
ce4ac321-d905-464e-a8c1-6cd23ca8ed09,user_0059,lol
f7269cd9-1b58-406e-8855-a0b1e74ee6c5,user_0089,nice
b6fdd96f-2c46-4fb9-99fd-59764a0c0d90,user_0033,cool link
e894621a-8367-4282-a419-e0f541274766,user_0079,The weather seems fine right now.
99e73682-9c29-4a9b-bbe7-db554c538927,user_0038,lol
495ca6da-8e96-4f32-9e39-417088e88940,user_0038,cool link
6384156b-e266-486f-af0e-86b93609e774,user_0026,This is the worst idea I have ever heard. Absolutely terrible.
18770b8c-702b-4800-a14a-557b230fecda,user_0013,Just finished my work for the day.
86f39ce8-a4d1-4668-98cf-ad1c57b495e0,user_0044,wow
4153b070-878b-4b0f-a7f6-9fbb578da1c1,user_0076,Keep up the fantastic work!
da8d41ba-b59a-4705-8668-fd5dfc659c2e,user_0043,You are a terrible and terrible person.
63378655-4527-4b1a-8777-8f07946e5221,user_0024,check this out
152d73d0-82f9-4c9f-adbb-73e04b5c0a47,user_0037,ok
f7d98ce0-1adc-42e0-87df-2da76a6d900c,user_0076,This community is so welcoming and kind. I love it here!
ab9c5133-476e-46c5-b334-cf6a543cfcf8,user_0037,cool link
12b5d857-cdb6-4fc4-9e3b-017b1c617576,user_0051,Just finished my work for the day.
c5d3577f-a64b-4f63-9793-3339d4b5be9c,user_0023,Your opinion is just plain wrong and you should feel bad.
cea97620-0217-41b9-a6e0-913308593e17,user_0038,cool link
956c4e27-cc8f-4294-acd7-1ba47ff24c35,user_0024,wow
2292bd09-a9b6-473b-a1d3-f51cc31bb3f7,user_0053,This whole project is a complete failure. What a waste of time.
9c3c4c8e-2804-4f80-9503-daae0796be88,user_0038,cool link
8fa18e31-41a1-46b5-bb47-8520b1a04e4f,user_0034,The traffic was pretty typical this morning.
63a6a5f8-b239-408c-a484-4aadfe8e1d1a,user_0083,The traffic was pretty fine this morning.
25291825-57de-43d5-a68e-123fdbd2a323,user_0059,lol
ee3a83ea-b6cc-439b-a71c-30e5ca1bbb98,user_0098,I'm so happy with the results. Great job everyone!
38e3b5f9-b4c2-45d7-b7f7-e2bd3af925f0,user_0044,The weather seems fine right now.
c47149f6-53ed-4d5f-8f9f-8a00b470bbd7,user_0033,ok
590fee75-0eb0-4197-80c0-2a5dbf25cc97,user_0037,nice
1777e8a6-4c12-4e2e-ad23-d4d1d9df7d1d,user_0007,What is everyone doing this weekend?
0201811f-4a8e-4698-8fc9-21c252240c02,user_0024,check this out
8e1b0401-3e07-4092-b24f-92909050adc6,user_0033,nice
b7efe731-955d-40c2-b688-f775c42ceb65,user_0006,I'm so happy with the results. Great job everyone!
bcd133f0-b88d-4929-bce7-7cca099ee3c1,user_0059,cool link
903513b3-e074-4d44-b41b-6500c063cf2b,user_0014,I need to go to the store to buy some food.
7215fce8-609f-45f8-a50f-01fc1c3066ba,user_0095,The traffic was pretty okay this morning.
01338f8d-88e8-4127-9310-819f48b972df,user_0014,wow
5a755cbc-5503-470f-a7c2-60ac4ff5c3ae,user_0033,ok
f0b91070-3f73-440a-82dc-75e3ae44f246,user_0069,The traffic was pretty typical this morning.
2a309142-e2db-4ae0-992c-0c6d49bea5f2,user_0033,Has anyone seen the latest movie about managers?
1f86c6a8-aa5b-4795-a52d-9172202449c1,user_0011,The weather seems normal right now.
2bef9d93-8654-40ae-8ea2-dd2c31cb6976,user_0053,This is disgusting. I'm never coming back.
628e148b-ebca-49eb-81ab-fdbbd5cfca01,user_0090,Just finished my work for the day.
1b4e0812-b72f-42f0-ba22-825d38323711,user_0092,The weather seems normal right now.
a48f9d58-fb1c-46a4-a5ee-5847247ede1d,user_0066,The weather seems normal right now.
1c9cd4ce-bbfd-4950-83ca-8c43e6702e3b,user_0014,wow
37813bcf-0bd1-44c2-a69f-d5c18a5acae7,user_0024,Just finished my work for the day.
669f0cba-dcc0-4486-8adb-bee16d7938f5,user_0041,Just finished my work for the day.
c8e3ff30-257c-4e40-9516-512b52aac1b8,user_0044,lol
8d023a9f-4bba-4b3b-9c26-b56b49ce82f5,user_0059,check this out
4f16a7c6-c6f6-4256-8f38-7add3bc3c43d,user_0024,lol
e535dd50-08af-4738-88c8-f2e2460e3712,user_0038,check this out
6f1b6eb7-e6b8-4cf0-896c-5fdfd18686cb,user_0033,I need to go to the store to buy some food.
122ea062-4288-443d-a433-e129c66e5a83,user_0042,I'm so happy with the results. Great job everyone!
1a3ff5c7-4e00-402f-870f-701aa4272433,user_0000,Just finished my work for the day.
919122a0-cdc2-42ef-a1bc-a2215b6f08cb,user_0053,Has anyone seen the latest movie about artists?
4c732eb0-4d99-423e-bd24-1a82a9d50747,user_0044,nice
0a06c7dc-8b49-444b-a88c-9b6f5ba9e441,user_0044,wow
7e61ac80-b320-4c49-852b-b85b6e0434b5,user_0059,cool link
8c718110-1a68-40a4-93fa-e9c6fad845c6,user_0044,check this out
53c499a7-e1ac-4ce8-bb02-754329b1d4d8,user_0044,check this out
06b383fd-b10b-4225-b9df-7686035dafbc,user_0060,I'm thinking about getting a decision later today.
427aea79-fa50-4233-9331-7aee49e75272,user_0092,The weather seems fine right now.
10ec5d9d-3e13-47a1-a825-fcd50c4bc0fa,user_0044,ok
9f2d4c1e-6693-4721-80bb-af8c41f26f95,user_0024,check this out
f7651825-14b7-4265-a23c-541cb2be6ade,user_0029,I'm thinking about getting a coffee later today.
8a505af7-001e-4d6a-aa85-e555dcdd135d,user_0008,Keep up the wonderful work!
09987fbd-18b0-49bd-acf9-bdaed169f80b,user_0053,This is useless. I'm never coming back.
589472fa-f799-4e2f-82ce-1af1c6ff1523,user_0019,What a helpful day! I feel amazing.
97021d06-97ec-45a7-a0e5-597e22de8367,user_0076,What a helpful day! I feel amazing.
2191b1c5-6d17-449f-958f-3162888931f1,user_0017,Has anyone seen the latest movie about gamers?
e726a93d-57b5-4b6e-84ff-8860734c05a2,user_0085,The weather seems average right now.
6b8425fd-cddd-4539-b28d-ba3e5a8b7d3a,user_0048,Has anyone seen the latest movie about drivers?
52a40550-aba9-44f0-ad19-d2df0ed9745b,user_0019,The traffic was pretty fine this morning.
ed4888cf-82ac-4b5a-bc98-2ab54490fe35,user_0041,The weather seems okay right now.
7e9e49d0-f02d-4d78-9170-385273c14c15,user_0038,ok
75e47159-88e7-4e1c-9e4c-f57b90cf5baf,user_0091,The traffic was pretty fine this morning.
4a563028-c825-40c1-9e08-7390905b0037,user_0070,The weather seems average right now.
d44d8276-8c8b-495d-b116-51df86170001,user_0037,wow
5227e0cb-92ab-4cb9-93f3-d83562bea5b9,user_0014,cool link
63bb0903-12c1-431b-b56d-244c6ce9158d,user_0044,nice
513ef7d6-42d6-44ad-934c-7505b6f7d5be,user_0044,cool link
0de0afed-3c3c-4a4b-a1a9-f773514bb00d,user_0024,check this out
d7f5bf4d-c0a6-4bda-b2fd-da8d9fe51a1a,user_0037,cool link
b9db01b7-c7d1-4e35-bd66-3fa222fccfd7,user_0038,check this out
749aea56-1af9-4abc-a958-82628b6dac29,user_0033,cool link
8349c88c-322a-46db-9873-429976ac1986,user_0014,cool link
5a80d3e0-0c75-4a20-873b-01aad6f68056,user_0094,What is everyone doing this weekend?
7b5d56c6-4d41-4a49-8da5-f70dc595d550,user_0005,The traffic was pretty fine this morning.
8b651071-22d3-412c-bb16-431cad400631,user_0063,I need to go to the store to buy some food.
780c59ea-f401-45e6-a56a-4034994c4d47,user_0059,lol
ff66b62c-8ae9-4017-b8f8-e5e2b8da54cc,user_0044,ok
0f806b30-ff1f-4eeb-aac8-a0e7b9ad38e8,user_0022,What is everyone doing this weekend?
3fd6b53d-7380-4496-81c6-1e8a85dc9729,user_0023,I'm thinking about getting a computer later today.
7e572673-e9b0-47dc-86d6-313f9ecdf879,user_0089,lol
8c801666-8f67-4eed-8642-d7c2bfa1ce4c,user_0078,The weather seems typical right now.
4a43e537-f3df-40ba-9d51-4cd9644b7b26,user_0051,The traffic was pretty typical this morning.
287b5876-17ca-4e9b-8ade-0ed3c78599b6,user_0033,check this out
9d947fbf-3590-42de-8299-4eb3b9751220,user_0069,You are a wonderful and wonderful person. Thank you!
921338d8-be71-4ce0-900c-c752d7925a5a,user_0085,The weather seems typical right now.
d9cda1d8-be55-427f-84eb-5cf1c33ac090,user_0014,wow
9661a63b-75c4-43a3-bb5d-dde822908853,user_0038,cool link
5cfce3d1-1a65-4760-aaae-9079a009fe79,user_0064,The traffic was pretty fine this morning.
70875a62-9c12-47c6-b155-86c27308eb25,user_0014,check this out
087ad7db-0fca-4d35-abbf-4aae5e4351f9,user_0075,This community is so welcoming and kind. I love it here!
41f27ebb-ec64-4948-9495-276a3c7c0b13,user_0096,You are a wonderful and helpful person. Thank you!
13aff36f-5cac-4745-937e-4b435e8ec5b2,user_0028,The traffic was pretty normal this morning.
ec2d21be-9ae3-4de1-9c13-41a5a420e15c,user_0037,lol
47be02c0-bde8-4cbb-83e7-6c6b517d8759,user_0033,cool link
f9c4abcc-5b8e-48c6-92fa-f3fa6b5fb8e5,user_0007,What is everyone doing this weekend?
8da261ea-d2b3-496c-9568-74363c472452,user_0044,ok
5ce80e77-fb64-41d2-afc6-d123bda5b893,user_0068,This is the best computer I've ever seen! Absolutely brilliant.
776c7fda-796f-4e38-ad51-81377ce92567,user_0024,cool link
dbbc10f3-c1d8-49a8-8c78-b88e29768197,user_0033,cool link
7410107c-b398-46ef-9845-332b3ed06b3d,user_0089,cool link
56633059-90d1-4465-89a2-01d9e742dd74,user_0089,check this out
c06286cc-7c05-4f72-997c-bfc3ea09cd90,user_0044,cool link
ac0dbdac-2ec4-434c-999d-25ef345c27b6,user_0024,wow
ef687628-8619-478a-a295-2255bd1d64fe,user_0068,This community is so welcoming and kind. I love it here!
a75e6bff-0aae-4753-8d02-8043481b68d9,user_0014,ok
7151580e-2414-4872-8fda-698c23631975,user_0015,You are a wonderful and wonderful person. Thank you!
979376ca-c70c-4c9c-8b91-ba3e3da3b194,user_0071,What is everyone doing this weekend?
1caa62d6-2159-4789-a802-b687d8baecf8,user_0070,This is the best computer I've ever seen! Absolutely brilliant.
db33dd27-4968-40ca-9f86-634aabaac050,user_0046,What a wonderful day! I feel amazing.
93570d4b-4e1c-4a89-8b66-f99486b2732c,user_0092,This whole project is a complete failure. What a waste of time.
6760366a-fc18-4283-ad68-19351ba89021,user_0024,cool link
6e179b78-d4c2-4722-ac55-07eece08bf9f,user_0059,wow
cc746d3e-6276-4169-88fc-287465430794,user_0014,cool link
1e0fc931-7d8d-4e8d-800c-a0cdd4259438,user_0037,lol
043c8b0e-6c62-4caa-b48e-4a6ac8e62a70,user_0010,The weather seems okay right now.
561ac39b-e4b3-44ae-982a-bb3bf86f5fc4,user_0024,lol
a072191e-ff2e-4c7d-ab53-19b00a94e657,user_0066,I need to go to the store to buy some food.
65b3b654-a035-4834-adf7-be0bda418f86,user_0010,The weather seems okay right now.
ecbc937f-aea2-411d-99f9-6f51d0b59ffa,user_0084,I need to go to the store to buy some food.
f5abcd60-30e6-4ff7-85a8-009a0608ba58,user_0072,I need to go to the store to buy some food.
2773aa93-25ac-4efd-8031-419e396d22cb,user_0060,I'm thinking about getting a decision later today.
b07b19aa-f02c-4474-a61f-1e0dae310957,user_0002,Has anyone seen the latest movie about artists?
9822e0fe-5c9f-4f40-aa37-6014c00d7070,user_0089,ok
9896cf72-6534-4d05-936d-3816e5c7e433,user_0037,check this out
ceaafb2f-4873-4756-a1b9-dd2ead77dbff,user_0037,wow
f52808ae-d39c-4009-ac4d-965b30728449,user_0011,I'm thinking about getting a coffee later today.
e1bc7376-0893-4d23-b818-dda19b0948ab,user_0011,What is everyone doing this weekend?
b0217244-6256-4da4-b7f4-a97d30a557bd,user_0058,What a fantastic day! I feel amazing.
415836d9-72eb-49d9-bf38-556dec7afd73,user_0002,The weather seems typical right now.
2c069c63-fc90-4822-a40c-a7aaedfbc314,user_0089,cool link
52a2b633-9246-40d7-9892-75ed2be3c6be,user_0001,This is the worst idea I have ever heard. Absolutely terrible.
22e06710-2c57-4c52-b08a-068cbca3a3fb,user_0084,I'm thinking about getting a computer later today.
9f183229-b668-41d7-a100-750066d896fb,user_0028,Just finished my work for the day.
4fc170a6-5866-41fe-8204-4e777965edce,user_0064,I'm so happy with the results. Great job everyone!
1d2ee8bd-3d59-4d19-815b-c9ea40a0de5c,user_0065,Has anyone seen the latest movie about politicians?
ad623c17-6134-4c87-a9d9-bd30a9ce7dbf,user_0033,wow
9bcdfdf1-707f-4867-89ef-a97dd0ca3f5b,user_0021,I'm thinking about getting a project later today.
d3c44c56-fd17-4ac8-a8ae-74afba26a81c,user_0031,The weather seems average right now.
05005dcb-8342-4196-b7a6-b14f231c1665,user_0024,ok
864e2fcd-9feb-40cd-8854-c97ec906fb16,user_0037,check this out
14057f70-b386-487f-9886-b85c49309cdd,user_0026,Your kind is not welcome here. You are all useless.
c995a143-b217-48c0-833a-7c94b1729fdf,user_0023,This is the best book I've ever seen! Absolutely brilliant.
967a2ad2-2b87-45a9-88df-a9c243eb2286,user_0064,This is the best project I've ever seen! Absolutely brilliant.
4bfe7b8d-17ab-478a-a394-6980016ead4d,user_0089,Has anyone seen the latest movie about gamers?
8b830e25-b0ef-49f8-ac2a-d0b5b10186e2,user_0003,I'm so disappointed with the service here. It's awful.
b48ef137-a1a3-4c38-a5f9-067953bc6e94,user_0034,The traffic was pretty average this morning.
bf39dbd8-30b2-434f-b2eb-4ea065683f6e,user_0033,lol
1afc51c7-2ede-4b75-924e-b39303311186,user_0001,I need to go to the store to buy some food.
32ff29f2-5b4d-4e65-8044-9b111d402652,user_0037,wow
398077ff-18ed-4fe9-96e9-49fefe532b7e,user_0037,cool link
e418fc82-f6f9-494d-a025-74c76508734f,user_0014,ok
ad366552-a159-4b1c-b90a-0fcd65311c31,user_0081,What a supportive day! I feel amazing.
b6679e57-5897-4233-b2e5-8f2a01f3c10e,user_0024,wow
5a4ab705-9b03-4f12-b0e8-60c7dcbf823d,user_0073,Just finished my work for the day.
d7ce2843-a25f-4f06-8d33-1178348958c9,user_0037,lol
2d70bf88-8e95-402d-95e1-e9a94ead7d89,user_0070,I'm thinking about getting a car later today.
30c81aa4-4116-4d72-9dd9-3c4769685acd,user_0033,ok
138d561d-507f-462a-97b8-42abef29a4ed,user_0033,ok
c4b9e674-2af5-48d9-bdd6-1851e0eb1c7e,user_0014,nice
480bd319-37da-4f76-a775-11fb5708d1b1,user_0014,wow
913bed6f-648d-44f9-bc92-15995746991f,user_0044,check this out
d16a03a7-a48e-4f37-9294-d68c6374c143,user_0066,The weather seems average right now.
ed46b9ee-b4ed-4020-ac08-0f7f293b58cd,user_0044,ok
3931912d-b807-414b-b336-b712808356e9,user_0024,nice
4ba9ee9c-9cd9-46fc-9019-dea9253882ed,user_0014,ok
2852f839-e345-4cc9-ab95-a72076e9968e,user_0024,cool link
1a2530bd-2e0c-4009-a4dc-1899fde985fd,user_0044,wow
ec990359-2f5e-41b2-9487-f27f5b707fa4,user_0077,This is awful. I'm never coming back.
7bb85ef2-0bd4-475e-902c-a77180f563cb,user_0063,Has anyone seen the latest movie about artists?
e2cff35f-a908-4ba2-9d35-9100ab69c5fb,user_0059,check this out
fd38817c-10c4-4e7d-8f12-5e8c9b1a87c9,user_0000,You are a wonderful and helpful person. Thank you!
c0454081-5fb9-4abc-8005-1e2c162b5368,user_0044,The weather seems normal right now.
2b4c6e64-fb1d-45b1-a55e-a19f68677bea,user_0024,ok
9996b20d-ba40-4db4-862b-11465ccaf450,user_0056,The weather seems normal right now.
373f80cc-bf91-41c6-a277-3d7f9011efd0,user_0044,check this out
5fb99514-7174-4ae8-b0f1-4f17e105eff5,user_0024,What is everyone doing this weekend?
a46a2a4b-f1ce-488e-b2e2-4071889ca4e0,user_0038,check this out
4c23c241-cf57-4212-925d-43c218ada417,user_0038,cool link
5833e3d8-a211-4e1d-ab26-4e4731c10cee,user_0059,ok
c7dcb483-a6eb-4f2e-a910-b745c382a14e,user_0089,wow
e1efb753-902a-4e4d-a34d-782df03c724d,user_0039,What is everyone doing this weekend?
5e6f0658-bb5b-49d9-8cec-22288c0713cb,user_0050,The traffic was pretty okay this morning.
c064f4e1-d3fa-412c-8817-d2dd91b152f8,user_0001,The weather seems okay right now.
fa11d10c-5d4c-4926-9e72-d34e01a72076,user_0038,cool link
2a7b2c18-cc28-41ed-aa0a-53a2520bc933,user_0097,I'm thinking about getting a project later today.
5ad577b4-63bd-4a23-b3e0-8a1ec35f5787,user_0038,ok
4c006628-4984-4125-bed9-3f3de2a46cff,user_0059,nice
f1bff9fd-9898-4c77-aec0-85b7d51c88b1,user_0003,I'm thinking about getting a car later today.
13b17eb9-a67d-4771-84f4-db5b3f6c86c8,user_0088,I need to go to the store to buy some food.
a0a14c95-5ac7-47e4-88d7-6107094a75c1,user_0059,wow
05bc5254-b733-4b9d-bc61-ce3eb5dbea79,user_0029,I need to go to the store to buy some food.
4376081b-54f7-43b1-9edd-39a6c6e05fe3,user_0014,nice
ee41395f-2467-4396-8068-b4e2ba072b10,user_0044,Has anyone seen the latest movie about managers?
fd5db9ec-6eea-4290-965f-934b5ed9d62f,user_0059,check this out
98b413cd-5599-4366-958e-a12c4d6cff94,user_0033,ok
c5265fe2-9a56-4a4d-8740-b44342a31b61,user_0022,I need to go to the store to buy some food.
df8ac706-cd98-4c7f-ade6-4c72af2b0978,user_0013,Has anyone seen the latest movie about artists?
da0056e3-61fb-49d2-9912-8db6df237b10,user_0069,The traffic was pretty okay this morning.
987e07f0-267f-43ce-85b5-e3bf8ec5d204,user_0044,lol
e7f6e4b0-e0be-4564-9b80-9063468532b6,user_0044,ok
e14a3072-b23f-4e58-b8de-a9fb6084f8c6,user_0089,wow
16ab6554-3ee9-48dd-b7ff-c580ba175a10,user_0049,The weather seems typical right now.
d221883c-4f4a-4716-8b81-ae282504ba23,user_0021,What is everyone doing this weekend?
f4ddd1e6-68cb-4f6b-9206-1d7ba6f1b863,user_0016,Has anyone seen the latest movie about managers?
bc066ad8-05a4-42f5-88d7-12dbfcb33e91,user_0089,ok
1cf9b0ca-db76-4850-8461-6aafa056dbc2,user_0080,Has anyone seen the latest movie about drivers?
b4b9209a-cc02-4eb4-8b0b-12466ce9fe9b,user_0059,nice
02a452c4-2f80-48b9-b3f9-795c28614bd7,user_0044,ok
1e54169e-aed9-4bc5-827b-401e3ef8aa67,user_0037,wow
4e3c2eae-c694-4550-bbce-dfc8cf7d1423,user_0044,ok
9e6a92bf-563a-4dbb-8f38-b465dedb6be1,user_0021,The traffic was pretty normal this morning.
7dbd9ffb-f851-4945-8d4d-287a09a094fc,user_0071,The weather seems okay right now.
b2aa132d-a313-44e7-b288-6ea32bad06d7,user_0089,check this out
c7110052-07c3-4b2b-b2a6-0beb1d14855c,user_0005,What is everyone doing this weekend?
c819ba92-4a0a-4b08-806e-2fe0da262d41,user_0017,The traffic was pretty okay this morning.
80b8fd9a-9486-4f08-b67a-1b821f7c4db2,user_0032,The traffic was pretty typical this morning.
45a56b43-2871-4f2a-a05a-4d7c50d7a774,user_0013,What is everyone doing this weekend?
3d6db9f4-1ab0-4941-b869-c346d433aae3,user_0004,I'm thinking about getting a computer later today.
39b55a68-11c1-406a-9121-3d0a757335d6,user_0059,ok
b8a0f8c6-93a2-41e8-8a25-01d0f8c6816d,user_0014,check this out
f1aa08cd-9003-4e00-89ad-33b073759312,user_0011,Has anyone seen the latest movie about artists?
7e7d53bf-2c4e-402f-bcb1-47c78bf25a28,user_0010,Just finished my work for the day.
07e7ada0-baca-45c1-948a-e27155637bdf,user_0055,What is everyone doing this weekend?
6956ffd9-61f7-45a8-9648-9c6d18e23357,user_0094,This is the worst idea I have ever heard. Absolutely terrible.
1be54fe8-2820-4350-8e0d-8c76fe30e888,user_0031,I'm thinking about getting a coffee later today.
2586d315-5a53-49d4-9de6-244fe339c093,user_0050,The traffic was pretty fine this morning.
037bdf7c-4db6-40e0-9a7d-dc55fbd27857,user_0074,The weather seems fine right now.
f7b5acf8-e328-4270-b31c-995661740996,user_0014,nice
5787ecc4-16f5-43a4-b40c-fd9c41d49fbf,user_0037,lol
5667669a-1047-4b85-ab1a-582f9d9f0d61,user_0077,"I can't stand gamers, they are ruining everything."
586540da-bc93-43b5-a5cc-b178a1d2a922,user_0044,cool link
8670a343-a9e1-447b-ad2e-ca54dc032010,user_0062,Has anyone seen the latest movie about gamers?
12bda57f-0289-46d1-a471-35755bdb75d1,user_0037,wow
750d901a-0565-4888-b90d-48bc65e739f8,user_0044,ok
2680a60f-c3d8-44e8-8d91-ac00f20d233b,user_0015,Keep up the fantastic work!
0a845175-cfbf-4ec1-9a6f-4ad945704010,user_0048,What is everyone doing this weekend?
b062d001-1e17-43ac-ad4a-42931a667455,user_0070,The weather seems normal right now.
bea77dff-84b8-494a-999b-63a99518c136,user_0027,What is everyone doing this weekend?
336ca567-8cc8-4c63-8f35-f4dfef3c6e2c,user_0071,What is everyone doing this weekend?
3af3023a-df62-442b-ad5a-6ca248d47962,user_0037,check this out
2ea48e8e-3ba6-4516-a525-ea1c6453808a,user_0064,This community is so welcoming and kind. I love it here!
1511367c-edef-4b01-9910-62679b0c757e,user_0038,cool link
77753631-5c35-4c53-8a79-5dfba5918e0f,user_0037,lol
7058fef4-00d7-4a92-80ec-c7736521f1d4,user_0024,nice
f3aae477-3cb9-4d07-9173-9fceedb50392,user_0086,I'm so disappointed with the service here. It's awful.
e4b57f45-bc36-4ded-9d64-4d3b7c5dedfb,user_0037,cool link
d8d835b6-e928-4608-b94d-d2330404f4cc,user_0046,Keep up the brilliant work!
b12ea6cf-027e-4279-adba-0d5b8ae690bb,user_0011,Just finished my work for the day.
91920172-a4da-47a8-a2af-cbde8c369624,user_0090,The weather seems fine right now.
6dcece91-4f97-4953-93d3-fa42e61bf7b7,user_0089,cool link
c6f4a4d3-b5d8-4b9e-9c82-2c3fd9f6e27f,user_0000,The weather seems typical right now.
3a553f6e-0926-471f-ac69-e832d324c5dc,user_0076,I'm so happy with the results. Great job everyone!
e39f3264-4e57-4668-8d0b-ca1537de84bd,user_0089,wow
0f81f1e4-4cb8-4ca5-9a3c-ac81664dc6e0,user_0037,cool link
c9a58bb4-b7df-4bbd-b475-b790f5026a5f,user_0059,Has anyone seen the latest movie about politicians?
4235d6b7-b545-42b4-a83c-5d29749c7f76,user_0044,wow
c3972536-4323-4f71-a9ca-9561b87f4ffd,user_0098,This is the best book I've ever seen! Absolutely brilliant.
99409411-22ed-458f-aa1f-d3eb24dcbb58,user_0033,ok
2e5f50a6-b679-4bae-b113-b173e23846ba,user_0038,cool link
61fe44bb-5730-4ba1-95b0-c78df59f46fc,user_0077,"I can't stand artists, they are ruining everything."
6fb691c7-6c57-4a54-aded-8f7585ba97f5,user_0078,I cannot believe how stupid this policy is. Fire everyone involved.
cffce0d1-3371-4035-ae45-95bd08f7edee,user_0044,lol
b2ffdeef-b340-4b6c-b118-88f98031332d,user_0038,lol
a27c098c-f46d-4d36-92b1-85dcd398a7ab,user_0034,The traffic was pretty normal this morning.
963c507b-a2fa-4749-b53e-457830e16b4e,user_0089,lol
c9fe79f9-bd20-406e-b918-cf9852a25b39,user_0044,lol
45c93b40-4667-4a22-b989-75b591585fae,user_0065,What is everyone doing this weekend?
c1035294-7d88-4272-bed8-b8f40d46e3fa,user_0007,What a brilliant day! I feel amazing.
d4ac05b6-dc18-46b1-bb4e-161028648cef,user_0006,I'm thinking about getting a computer later today.
47dd94da-3632-4ad1-bdd1-3fc84684c7ec,user_0061,The weather seems okay right now.
ba5c4c27-33b6-40cf-bdc7-fc2ebeb877c0,user_0035,Just finished my work for the day.
5b56ccea-fe38-430e-ab61-cc901d3dd2cf,user_0022,I'm thinking about getting a coffee later today.
94ccba0c-b463-4935-9836-be6b276f1d59,user_0092,The weather seems average right now.
dfbb1dbf-9e49-4bed-9bbb-1f54174bdc2b,user_0023,I cannot believe how stupid this policy is. Fire everyone involved.
cb235bfc-9774-486f-889d-1848a10e76df,user_0089,ok
67b000eb-6598-4a9d-98bf-8e1523266f25,user_0059,wow
df0b376a-9bd5-48d4-b65d-82ebf5560716,user_0043,I'm so disappointed with the service here. It's awful.
805e1fe3-0203-4a48-a755-1b6d595ed76d,user_0048,The traffic was pretty normal this morning.
ad94552f-6620-48ba-819e-7358d3e20495,user_0089,wow
8f33d29f-a5a8-4757-bb56-b794c61972e6,user_0033,wow
a8bde5c9-9b82-401d-8527-9ff59f5c2063,user_0034,What is everyone doing this weekend?
6806bc66-144f-4d84-8cbe-95e6ef56297b,user_0021,I need to go to the store to buy some food.
6e1d3fbf-538d-4de5-abb0-6bb7b86e1225,user_0068,This community is so welcoming and kind. I love it here!
2ba26c3d-34f0-4c54-b649-12646fb149f2,user_0014,check this out
57f6208b-5cc1-42a6-b42d-e4364110dc42,user_0036,This community is so welcoming and kind. I love it here!
bccf1b62-35f9-44f7-9f1c-cffed7bab667,user_0074,Your opinion is just plain wrong and you should feel bad.
7b80240e-1624-47d0-a1ae-34533be3b869,user_0042,This is the best coffee I've ever seen! Absolutely brilliant.
27bd8785-7040-470a-9abc-4c2cd7b83038,user_0046,You are a wonderful and wonderful person. Thank you!
ad53dda5-73a7-44bb-9ae6-183754071f92,user_0024,check this out
0b7c77a9-c703-4026-9daa-a2e3e14f1809,user_0033,ok
355e3e05-cf03-4b43-839e-c9697916a4c4,user_0060,The weather seems normal right now.
4914b720-af31-4fb1-b0e3-dd4e58d4587e,user_0013,What is everyone doing this weekend?
c1fd546f-d31d-4547-8139-60d93dd9312c,user_0074,Has anyone seen the latest movie about drivers?
949ba3ec-68cf-40b6-8d8a-5929eaf83df0,user_0028,Just finished my work for the day.
a2fae39b-866a-48d3-9db8-77256537f72f,user_0042,What a supportive day! I feel amazing.
1b1d5d9f-d43c-4a01-bc41-f2b85cc96d6a,user_0038,wow
21530030-659b-46f5-85f4-367dded749ee,user_0044,nice
c5cda4ca-483d-4b4b-a586-f674e0e740ca,user_0080,What is everyone doing this weekend?
855d4059-3ba4-432b-8056-075a6ef34184,user_0098,This community is so welcoming and kind. I love it here!
b9f3f5fb-228c-4634-9843-942fd364ae92,user_0023,Just finished my work for the day.
9a6e8c31-4788-43d0-989d-f81d64d1ef89,user_0044,cool link
cf5f0dbb-3486-4e31-94b9-83215d368e8a,user_0031,Just finished my work for the day.
95fd46dd-7720-4a92-b153-eaea470df011,user_0077,This whole project is a complete failure. What a waste of time.
e65633fe-14b5-4b4a-9964-d4e4481df902,user_0037,lol
66e0a296-3f7d-452f-9e32-e4a3bb834eaa,user_0023,I'm so happy with the results. Great job everyone!
5855df8a-07d1-4e0b-9854-def348df5837,user_0000,Just finished my work for the day.
d42ae76c-4eb8-408e-9fc6-3dc11f560a4a,user_0001,What a helpful day! I feel amazing.
ddeeac44-9278-4304-95a2-6624acb785cc,user_0082,What is everyone doing this weekend?
01308d6b-66cb-435a-94d5-6564b741f5d3,user_0018,Just finished my work for the day.
03bc1a36-9652-4a82-b097-1d8e85d1437c,user_0030,I need to go to the store to buy some food.
09d55ee4-cfbd-4948-96a1-eb15722bc3ca,user_0038,cool link
ccf8a89e-28cb-48e0-bc91-53223830a695,user_0029,What a brilliant day! I feel amazing.
ff4b9286-2589-4170-a21e-9acdf4cd46b8,user_0089,wow
c7c9b42b-d55f-45e2-b213-4c60f86e0e29,user_0044,I'm thinking about getting a computer later today.
9ddff0df-02e7-4224-9d4e-93e61c7eec48,user_0089,The traffic was pretty fine this morning.
e395e2fb-cf39-4e78-8dfb-ed8de952c191,user_0056,The traffic was pretty average this morning.
8cc35ca7-bd64-4901-a53a-fe000c1ba7c2,user_0078,The weather seems normal right now.
3afea29c-aa8b-45d9-a285-dcb228c14126,user_0044,ok
d3f12e77-8eaa-434e-bab3-f9873ba343cd,user_0033,I need to go to the store to buy some food.
814b9779-d1d6-4324-8b43-660875a74b46,user_0029,The traffic was pretty typical this morning.
ae264db9-2569-4313-b29e-e5ab2b256beb,user_0095,The weather seems okay right now.
00fbb27f-55b8-4c44-862b-55fb3c842b79,user_0045,I need to go to the store to buy some food.
7387b089-1d9a-4d2f-8ea8-bd258dbb09ca,user_0009,I need to go to the store to buy some food.
2bc621bd-0e15-4b17-b54a-ba1dce2f28ec,user_0042,This community is so welcoming and kind. I love it here!
d2500605-8313-4b29-8532-336162a2feef,user_0064,This is the best decision I've ever seen! Absolutely brilliant.
9566e295-81e0-4a42-b958-c43e57e0642c,user_0089,ok
6398c0b4-8b0b-4b48-af8d-f1aa614a6508,user_0075,This community is so welcoming and kind. I love it here!
aabbf2e1-a364-4ee4-93c4-cfe2ba82d5d6,user_0043,This whole project is a complete failure. What a waste of time.
02bc17d8-14cf-4bca-88fd-0d42e51365d6,user_0022,This is useless. I'm never coming back.
252e5a95-dfa0-4a43-a7fc-9bc436fb29e9,user_0014,wow
aabfa87f-c113-40d9-ab34-4811c5cb85de,user_0033,check this out
73fe6ffa-a08c-455d-b0a8-618f82f37fa1,user_0089,wow
ca728ce0-f466-436f-bfbc-2b06af2abc72,user_0059,lol
9062327f-fb14-4b02-a725-1fdebb970c39,user_0014,check this out
14309da9-b034-4a00-9fe4-cf3319222a55,user_0038,check this out
1545ce9e-7ea6-491a-b432-c9904a3836a1,user_0009,The weather seems typical right now.
61a2e888-95a9-4409-9ed3-eb2b92c7e45e,user_0024,cool link
061b471f-058f-4a43-b2fa-7f5f2570ac71,user_0046,This is the best computer I've ever seen! Absolutely brilliant.
4c1e6cf1-fa81-4096-b03e-624ebe220baf,user_0088,Just finished my work for the day.
a0688edf-3316-4c7c-b24b-4abbb76b9e57,user_0081,Keep up the amazing work!
3a07b5ab-94bb-454e-a653-1ab4c3e41a2d,user_0089,lol
ecead90e-3e67-4bd3-acf4-7b5569f4b3b3,user_0033,wow
7980b6e1-9e9f-45f3-881f-8b3c1c997385,user_0059,ok
6cbb1516-bae2-4931-8b5c-bff862bf272d,user_0037,ok
14518eb8-3f17-48e3-9c15-5401c1c11ffb,user_0001,I'm thinking about getting a coffee later today.
f29cbf48-9ed0-46e5-8299-878b623e8c09,user_0083,You are a wonderful and brilliant person. Thank you!
9edbb24e-636f-4c65-bfec-455dc7377fb2,user_0026,People like you are a disgrace to our community.
f0ec8782-5ad6-4825-8ccf-66df4198ba04,user_0000,What is everyone doing this weekend?
f9e7de3f-19e1-45d3-ab30-3ad7be24e2dd,user_0024,ok
e31b400f-b924-4c84-9c9c-4c9e5aee1431,user_0088,I'm thinking about getting a computer later today.
58975a19-d2aa-42bd-adf9-706c3e8a2cfd,user_0073,I'm thinking about getting a decision later today.
dc9e3b1a-82ef-4e91-bdc9-c13dcece2309,user_0040,I'm thinking about getting a decision later today.
78661858-4ab2-43e9-8965-11cb4bca7aed,user_0037,wow
51ac81f9-9a6f-47bb-a522-abffcfc5bb9f,user_0055,The traffic was pretty fine this morning.
add37e51-141e-4790-b979-18f03e4af113,user_0011,I need to go to the store to buy some food.
78342547-d3dc-4d47-b52d-f2ac25b2a896,user_0033,check this out
8f6ceeae-aa70-4afa-9dca-00b80aa38bec,user_0038,nice
c7f99054-20fc-494e-97d8-dff026ab3b1f,user_0038,nice
1a5c2e55-eb2b-43e7-a549-2dd6cbadccea,user_0009,What a supportive day! I feel amazing.
23f545a8-c40d-4fb5-9d66-c5fc98f48cdf,user_0021,The traffic was pretty average this morning.
5056928e-560f-4e33-9aa5-e962ef5fd564,user_0041,This is useless. I'm never coming back.
19f7ea07-22ed-4a43-9f4f-20fb127ed323,user_0063,Has anyone seen the latest movie about managers?
dccc18cc-0600-443c-b120-f6a76bf29bae,user_0008,I'm thinking about getting a book later today.
46571881-232c-44f8-8839-f093a594fbc0,user_0005,Keep up the supportive work!
11035b64-876d-475f-8eb5-0020e4b45513,user_0093,I'm thinking about getting a book later today.
6bf5826d-59f9-47da-93be-f2c0f3812e8c,user_0062,I'm thinking about getting a book later today.
897168b8-c7f6-4431-9720-5233ec8463e2,user_0044,lol
3a6261bd-3aa6-42d6-bb2f-80af5ffd2b28,user_0078,This whole project is a complete failure. What a waste of time.
6cb3f5b5-8ee0-4a56-ae40-3197002a2422,user_0038,nice
f37c362f-c2a0-4abe-84bf-418e48ca4d6a,user_0037,ok
252468d1-dce5-46d5-9b79-9b36d1cde619,user_0097,Has anyone seen the latest movie about gamers?
d7744ab4-909f-403a-83c7-e1f164ad823f,user_0038,check this out
c403eb2f-84d9-4bde-9735-f9ee7d5b8d23,user_0033,ok
d87618ab-a564-485b-9577-2606a2f64c59,user_0085,What is everyone doing this weekend?
cdc8a416-3eda-4ba4-95e0-41208a7f55c5,user_0038,ok
7b69a0ff-5d30-4e25-adca-239666ddffd7,user_0018,I need to go to the store to buy some food.
f630c3fb-e1ac-40cd-b398-f1a09be26ac3,user_0089,check this out
ec4fccdd-0d0b-48dd-b874-af460c2c95bc,user_0023,You are a wonderful and wonderful person. Thank you!
df5cee81-f70b-4d10-b46e-b79c69abde8b,user_0024,lol
cf3ed982-e451-4226-bedf-ccc6f22b424b,user_0010,What is everyone doing this weekend?
b2e7811d-807f-4d8c-b2b3-5a381d0a0eca,user_0011,I need to go to the store to buy some food.
2f2431a5-07ca-42f2-bcc0-4c2a4dfd5948,user_0038,wow
ecd724f6-5fa5-4ac4-9625-3d6b16147be4,user_0014,check this out
3de3bb8c-fe1b-49cd-914f-8746ad70b5f0,user_0033,Just finished my work for the day.
261aa343-7b7c-4f4e-9928-fc0e017eefb7,user_0024,ok
923a7d1a-cbe3-496e-8f2f-71b95d75fa5e,user_0038,cool link
cfc9e18a-0990-446c-99d1-fcbc7d0f9c13,user_0044,wow
7b8c2f76-02fd-4174-b688-4b476ef5860c,user_0042,Just finished my work for the day.
bc732eb9-9ab8-4786-8d6a-4c9d2c3dec3f,user_0010,The traffic was pretty fine this morning.
6682ddad-7dab-4ae1-9ecf-10a421cb0ebc,user_0026,You are a useless and useless person.
712a4744-125a-46d9-b26e-1c9433a0f662,user_0096,I'm so happy with the results. Great job everyone!
470063c6-97ee-4eef-ae1f-f7a364453f64,user_0033,check this out
0f710a7a-12b0-404b-b09d-d6aaeafa6df5,user_0014,cool link
169e0c82-08fa-4417-ba64-65826f520ec2,user_0038,Just finished my work for the day.
488216d8-3841-45dd-8d11-84745da4e360,user_0029,Just finished my work for the day.
ca228f9e-854f-415e-b160-4ffb4b6a66e4,user_0038,ok
d937caa0-815b-443d-9d66-61ff6feec244,user_0089,wow
8e6881f7-d224-4f10-959c-2e34ff3a5d52,user_0005,The weather seems normal right now.
fe6a7ed7-e178-4cdc-bbf2-be8f46f93205,user_0005,The weather seems typical right now.
ebc5469b-0f41-4b37-a946-c217802cfff5,user_0082,The weather seems normal right now.
